date,Stahl-_und_Leichtmetallbau.Preiserwartungen,Herstellung_von_Gummi-_und_Kunststoffindustriemaschinen.Preiserwartungen,Stahl-_und_Leichtmetallbau.Fertigwarenlager_Beurteilung,Herstellung_von_Papier.Auftragsbestand_gegen_Vormonat,Herstellung_von_Kabeln_und_Elektroinstallationsmaterial.Auftragsbestand_Beurteilung,Herstellung_von_sonstigen_Kunststoffwaren.Preiserwartungen,Herstellung_von_land-_und_forstwirtschaftlichen_Maschinen.Geschäftslage_Beurteilung,Herstellung_von_nicht-branchenspezifischen_Maschinen.Produktionspläne,Herstellung_von_Leder_Lederwaren_und_Schuhen.Nachfrage_gegen_Vormonat,Zeitungsdruck.Preiserwartungen,Herstellung_von_Gummi-_und_Kunststoffwaren.Exporterwartungen,Oberflächenveredlung_Wärmebehandlung_und_Mechanik_a.n.g..Geschäftslage_Erwartungen,Ernährungsgewerbe_und_Tabakverarbeitung.Geschäftslage_Beurteilung,Herstellung_von_Polstermöbeln.Auftragsbestand_Beurteilung_Export,Herstellung_von_Fertigbauteilen_und_Ausbauelementen.Auftragsbestand_Beurteilung,Gießereien.Geschäftslage_Beurteilung,Datenverarbeitungsgeräte_elektronische_und_optische_Erzeugnisse.Fertigwarenlager_Beurteilung,Herstellung_von_keramischen_Haushaltswaren.Auftragsbestand_Beurteilung_Export,Herstellung_von_sonstigen_Waren.Preiserwartungen,Maschinenbau.Auftragsbestand_Beurteilung_Export
1991-01-01,12.25543,17.94834,19.62597,-9.07107,14.30367,15.76083,-7.23452,2.80716,-12.6025,37.11893,-3.26163,-22.52496,54.4055,-4.29074,38.12986,17.70959,11.28038,-40.70314,22.4964,-48.34739
1991-02-01,32.1983,16.13433,-3.23137,-7.35321,20.89244,22.43117,-18.48894,-2.83871,-13.08044,33.42555,-7.38544,-23.56097,45.52599,-21.32407,27.41436,3.86535,13.53527,-45.46583,17.62008,-53.01737
1991-03-01,22.22235,17.4121,15.52695,-27.6886,8.83765,21.83935,-14.53237,-2.09881,-2.88406,46.80572,-10.12934,-38.25215,36.56148,-32.03747,26.90422,-1.54078,22.27259,-49.5573,22.84281,-56.07201
1991-04-01,13.81052,31.33115,52.24412,-21.74516,10.4559,23.9866,-17.59435,-0.7678,-5.29415,43.27129,-8.0588,-36.90519,32.66989,-38.35888,17.33274,-23.55946,18.15079,-52.91141,14.05479,-59.57011
1991-05-01,9.3181,8.0788,15.87666,-16.23829,1.89047,25.67021,-26.55268,-4.99265,-6.85473,47.38162,-11.90583,-37.17868,37.91247,-33.08175,15.56158,-23.42337,21.3082,-64.09198,16.47033,-62.38727
1991-06-01,10.90345,5.91951,-11.51489,-18.35552,7.15118,25.81184,-24.35608,2.67067,5.72721,46.32638,-11.67147,-36.29466,12.56311,-34.13217,10.04017,-33.12209,22.55621,-68.19167,19.06892,-63.21358
1991-07-01,7.52374,3.55776,9.60402,-19.64777,4.9744,21.16359,-32.06108,-6.14755,-8.28876,40.56665,-9.06088,-43.31416,21.59472,-44.31853,8.60137,-37.70246,27.83095,-80.8701,18.69822,-62.3992
1991-08-01,8.5485,1.39217,30.74553,-9.51204,1.19105,18.75832,-35.21433,-7.50703,-3.91065,42.1604,-3.12825,-31.23621,19.61728,-39.48416,13.48582,-39.63447,22.48603,-65.88081,22.79296,-64.10353
1991-09-01,6.2225,-2.80977,37.63275,-27.07134,-9.14443,7.84297,-28.587,-3.49962,-1.15897,29.97597,-5.92239,-29.29385,17.24625,-41.84322,4.99587,-43.34455,27.65391,-60.9133,20.20134,-62.73078
1991-10-01,6.68154,1.31804,24.58258,-22.68693,1.20519,21.66082,-25.70316,-8.58203,-8.04687,53.43826,-2.59945,-35.1082,14.12495,-31.56662,4.33989,-31.33443,29.94145,-69.02827,22.0532,-62.48112
1991-11-01,6.64059,-0.52094,7.06944,-21.99228,1.97259,21.80469,-22.91306,0.69087,-0.43102,24.86904,-3.56421,-43.95412,6.54531,-43.60577,6.47888,-35.39377,34.828,-69.43859,28.64308,-62.01066
1991-12-01,6.899,-8.31817,10.54979,-29.1986,3.53998,20.18332,-22.34235,-3.6688,5.36474,23.7083,-6.31449,-47.84637,2.22522,-43.508,11.23346,-43.39426,36.21853,-73.96482,25.88043,-63.69361
1992-01-01,11.53803,6.30684,0.53363,-33.36162,9.08269,25.45226,-39.04972,0.51477,-10.62065,32.56784,-7.13384,-61.61255,7.42252,-30.6168,11.32991,-46.50667,38.16089,-81.75579,21.86627,-64.28019
1992-02-01,14.87152,7.38927,-16.82646,-22.05999,-4.06386,24.57669,-31.99181,0.69479,5.6094,31.38114,-9.60832,-34.27649,5.43695,-44.21722,6.77051,-40.43516,43.67561,-85.6199,21.76359,-67.16255
1992-03-01,13.75784,11.02499,-10.78642,-27.10712,5.29188,19.64852,-43.37648,11.19386,-3.63046,32.53652,-4.07386,-30.22649,-1.82713,-38.96824,-1.94034,-43.089,37.30517,-79.05271,15.90629,-65.99077
1992-04-01,7.98238,13.63286,-14.38023,-22.13885,-2.62675,17.35745,-46.25636,-5.7594,-34.89384,24.59041,-2.05331,-29.71827,0.94612,-45.20778,-6.2164,-46.83629,41.05874,-91.92272,14.80798,-66.47451
1992-05-01,0.97033,13.92198,3.46997,-27.08616,-0.8958,15.69918,-42.67361,-2.54192,-12.43179,18.00529,-2.97088,-30.14799,-3.01884,-54.79016,-8.5056,-47.06817,42.46169,-86.27426,15.2912,-68.42913
1992-06-01,4.80676,6.7216,15.74148,-32.19891,-8.27413,7.29795,-48.52155,-7.9155,-10.15566,24.7237,-3.73148,-43.84206,-5.45143,-46.98975,4.15613,-45.92012,39.23792,-63.51204,14.97425,-68.25431
1992-07-01,-2.41055,12.04011,8.29915,-26.66005,-12.09994,4.35783,-50.35576,-10.17827,-11.30064,20.65234,-1.01966,-17.16277,-2.81363,-52.59547,-4.42858,-46.81128,36.9502,-74.99799,18.48643,-67.38679
1992-08-01,-4.609,0.24266,-8.41225,-25.74725,-2.23318,-0.12957,-57.25739,-7.10696,-19.45758,19.31811,-4.89528,-45.70084,-6.35478,-56.11902,-10.13303,-54.7448,38.41667,-87.40571,14.72423,-69.10085
1992-09-01,-8.32551,1.95417,4.55295,-7.51921,-19.31723,-5.95473,-71.25078,-12.76282,-26.2812,18.7547,-11.08519,-58.58032,-9.55752,-47.74285,-16.96083,-55.50359,37.33986,-86.10014,17.0712,-73.8097
1992-10-01,-13.90462,2.58298,0.75772,-19.08313,-33.29796,-12.95039,-49.62322,-16.40127,-15.97752,13.82719,-7.34591,-64.1651,-15.71684,-57.69776,-18.8979,-58.20012,39.28779,-86.82147,24.24162,-74.45556
1992-11-01,-8.72113,-7.05505,8.60889,-43.5406,-33.04753,-14.37557,-64.73416,-24.79085,-20.79939,17.0682,-15.51641,-62.49338,-10.72528,-54.46698,-34.80665,-64.73502,38.88027,-86.51099,19.78649,-74.85324
1992-12-01,-9.82975,1.86738,-0.99075,-29.5042,-36.694,-19.74162,-72.44907,-25.52071,-5.93174,12.56427,-17.47912,-61.32487,-4.69152,-51.54585,-13.02105,-65.49572,29.39807,-87.01788,19.28862,-75.77632
1993-01-01,-8.94238,-7.37902,7.87938,-19.99262,-35.96783,-21.46935,-71.52645,-27.60523,-8.99385,13.24228,-17.13597,-64.95749,-17.18699,-64.80295,-22.90263,-71.43688,28.06005,-73.99217,18.24139,-78.23742
1993-02-01,-8.94448,-7.89771,18.25369,-40.27056,-38.62149,-29.70695,-77.65225,-27.96299,-21.68719,10.90349,-16.80103,-64.06203,-15.47613,-75.00603,-24.38229,-77.92841,37.81176,-78.07985,15.81831,-76.35723
1993-03-01,-14.87768,-18.99852,14.90825,-25.2841,-43.92539,-21.05097,-77.39837,-23.68475,-16.79642,18.88675,-16.06414,-59.04216,-8.49094,-62.04544,-17.35346,-77.07401,23.21006,-87.95147,5.8892,-76.89402
1993-04-01,-11.68102,-18.63217,8.82744,-27.43475,-46.5007,-21.089,-80.41667,-23.44634,7.41751,21.20319,-22.13359,-59.76363,-9.8479,-60.76134,-13.82362,-79.88704,32.12383,-88.86216,9.3803,-76.40867
1993-05-01,-7.30372,-10.69095,1.12211,-30.99619,-46.81025,-25.18365,-80.16521,-21.74144,-6.68894,14.72746,-21.94526,-58.30859,-9.0095,-62.79119,-15.79592,-78.80719,36.36776,-82.1784,10.03384,-78.46134
1993-06-01,-17.00176,-16.4124,4.27701,-29.76404,-54.61224,-19.62039,-83.15412,-18.80936,-11.66703,12.83937,-12.66259,-39.58495,-8.38105,-75.048,-19.58951,-79.58586,28.03685,-86.83164,8.82651,-78.24918
1993-07-01,-12.54085,-29.70404,13.02451,-21.01865,-51.05734,-18.32634,-84.96371,-13.9496,2.8706,32.50551,-17.01095,-34.92857,-6.89512,-68.36823,-21.91891,-87.38685,33.00211,-96.18332,8.17166,-78.41574
1993-08-01,-15.91525,-19.30741,4.93301,-29.49951,-50.10916,-20.29329,-74.48369,-14.88213,-13.18477,14.72447,-16.74904,-31.46622,-9.96535,-66.1799,-15.99767,-75.70194,33.29423,-86.54452,11.7595,-76.06664
1993-09-01,-4.40447,-12.9364,8.31454,-19.89432,-48.92429,-24.13453,-75.6949,-15.70628,7.72521,26.54748,-12.15041,-31.68768,-8.24507,-70.16972,-7.73019,-76.14006,28.04291,-97.60315,11.89114,-78.93476
1993-10-01,-13.00384,-20.17673,14.78859,-18.72573,-49.17617,-32.07609,-69.88465,-6.13714,2.38587,26.23553,-7.19041,-28.01622,-11.21099,-66.99561,-10.70188,-74.6372,32.60492,-90.52971,15.47366,-77.35924
1993-11-01,-15.31477,-2.14699,7.20549,-5.22378,-38.24268,-42.4133,-72.44944,-12.32807,-6.82243,20.3539,-5.41559,-38.85207,-7.23085,-67.63144,4.12995,-75.15135,33.05439,-94.30949,9.06215,-75.70428
1993-12-01,-21.21578,-28.32347,10.26637,3.74448,-42.7642,-33.90079,-70.58236,-10.43927,-17.89112,20.55527,-5.60211,-12.3439,0.17082,-66.62199,-21.63574,-66.44542,39.62779,-93.42614,7.82826,-74.84584
1994-01-01,-21.3732,-15.74383,7.30585,4.65671,-43.88851,-33.38923,-62.48445,-9.30579,-9.86833,11.26791,3.79594,11.23636,-14.76568,-65.33592,-11.87215,-62.70643,26.98228,-98.33312,8.52935,-71.26429
1994-02-01,-23.21437,-14.30368,12.21444,21.47081,-39.13267,-29.4644,-64.53678,-0.47639,20.6215,22.62471,1.04258,4.36591,-8.18364,-64.57064,-10.54492,-56.64273,27.9767,-93.5163,10.93706,-69.49869
1994-03-01,-28.65402,-11.64531,4.37736,29.03356,-37.73986,-25.20192,-52.45317,0.45742,-18.96286,9.60944,6.86093,12.96238,-3.08134,-70.82237,-8.56527,-49.18844,30.97946,-90.13472,14.76397,-65.84201
1994-04-01,-11.92235,-5.52931,17.05947,20.44051,-36.67735,-21.61161,-52.61712,15.82701,9.90157,17.03842,8.84087,43.48003,-19.29971,-60.21464,-22.5691,-35.73948,30.25239,-88.8915,8.95374,-61.33956
1994-05-01,-8.64447,-9.17469,-2.21101,27.55649,-30.22622,-18.41555,-43.19283,12.02246,-3.90231,27.47169,9.10469,23.35562,-9.2874,-62.09913,4.70522,-29.09304,23.18987,-93.53118,7.78466,-59.46613
1994-06-01,-6.54863,0.35772,24.6407,26.41537,-24.44099,-9.61092,-51.28418,11.01851,-13.99284,28.09101,6.39105,26.6588,-7.06271,-66.59197,-4.45005,-23.01977,25.8418,-94.07179,11.60201,-58.24811
1994-07-01,-1.86603,-0.5952,-6.74226,9.78245,-23.90049,-6.12961,-16.39626,0.59416,-7.0137,19.72387,11.06242,26.53714,-11.96487,-60.47312,7.74271,-20.92901,22.05875,-88.11751,11.8391,-55.43707
1994-08-01,-0.16033,7.59283,-7.5408,11.96657,-25.39605,3.15013,7.48736,10.50026,15.3458,23.63394,14.31032,27.95193,-7.57357,-67.46519,4.32432,-20.53647,23.10652,-91.175,8.75163,-52.05101
1994-09-01,-4.0691,0.48182,-33.46349,13.23198,-20.60235,14.60343,-5.1022,10.981,-3.43042,13.28899,13.85112,36.26612,-7.1292,-70.71749,6.28588,2.94993,19.88468,-83.19324,10.59342,-47.06566
1994-10-01,-0.58077,14.92321,-16.85587,-6.32679,-13.32469,29.57167,-12.2796,9.66799,5.686,10.8672,10.82771,44.58027,-5.11557,-70.27154,13.01225,-0.25677,23.75806,-90.13956,11.84436,-44.24684
1994-11-01,-5.24467,32.34531,-4.67914,12.88606,-14.08695,34.1417,-8.16343,30.99806,3.76431,16.80425,10.76225,41.68723,-5.25856,-60.75592,10.48592,4.7942,15.44027,-90.26592,10.43055,-40.60721
1994-12-01,1.32354,26.9039,4.66601,16.86912,-4.92277,41.30988,-8.01263,25.34607,-11.77445,19.76295,12.31427,34.64695,-8.17377,-66.20846,10.83201,10.53645,20.82561,-90.9594,17.37904,-37.83661
1995-01-01,-14.77142,17.13365,20.52623,-5.6021,-6.76873,36.84807,-5.11018,19.91633,5.45238,30.05298,11.76059,24.69774,-4.4081,-64.41768,2.51222,21.57614,23.9459,-92.65976,23.86397,-35.34126
1995-02-01,2.11039,25.23951,-2.38317,30.32286,2.72541,37.99332,7.48764,15.03539,-2.83826,34.42086,11.7998,23.69382,1.04936,-64.85345,15.5849,24.92685,18.04676,-89.31674,23.13827,-32.60081
1995-03-01,3.75522,29.50023,-7.05144,-0.00849,3.10752,37.90464,-7.5437,6.11238,5.74806,14.39555,4.7873,13.55535,-7.23035,-60.5387,2.59316,24.73998,18.79351,-103.69838,21.60151,-28.83844
1995-04-01,-8.87635,18.73878,-14.09993,-12.2087,9.68647,26.39635,3.93568,5.21861,5.36954,21.08263,-4.14764,10.9839,-11.62988,-69.28616,3.54604,27.56625,21.28826,-98.95887,18.5374,-31.24196
1995-05-01,2.84721,18.15125,11.33279,8.78596,5.62224,16.53525,-0.54356,-5.43477,13.55947,19.15844,5.1146,8.55142,-12.69492,-75.72055,-7.02127,21.4937,12.06512,-97.23107,17.46109,-28.42342
1995-06-01,0.59684,18.05817,-10.4493,-25.45854,8.65982,20.44628,-1.929,-1.41219,-3.77258,20.44057,4.45912,1.19255,-11.56298,-73.18059,-18.94249,24.08323,20.48914,-90.24354,14.34913,-29.28271
1995-07-01,-8.76912,10.88088,-13.60386,-34.29352,13.11122,22.07655,-12.50324,3.82091,-4.31889,28.92316,-2.83233,-11.75348,-13.28136,-69.04538,-33.79986,26.32,22.30085,-95.76531,11.38272,-32.43851
1995-08-01,-9.17731,17.66343,-7.99117,-32.47586,1.8048,14.02291,-15.39379,-4.24647,5.27303,10.66765,-4.63183,-24.23431,-11.40221,-71.44755,-34.88915,27.15371,23.77268,-97.2242,12.65186,-32.07037
1995-09-01,-7.55528,11.5374,-7.25626,-55.3075,-16.29709,7.03423,-24.17685,1.99236,-6.86086,29.89151,1.81128,-25.20406,-14.29739,-77.99703,-47.43163,19.92572,27.83358,-62.74294,9.15474,-33.23726
1995-10-01,-11.08597,3.15436,0.3952,-33.45265,-11.97254,7.03346,-17.51267,-8.62536,-11.98012,13.56549,-3.13511,-33.68591,-9.77402,-74.34194,-53.58435,17.99544,22.85644,-97.6712,8.33316,-28.11895
1995-11-01,-7.80936,5.32399,9.96114,-33.49112,-16.63103,6.77737,-15.44233,-5.94635,-4.77093,27.36243,-1.06238,-30.73705,-10.01623,-77.85763,-52.23117,14.9152,23.93826,-96.31834,19.97872,-35.48162
1995-12-01,-10.99328,10.56846,-2.12292,-33.89303,-19.95468,9.04413,-5.42411,-3.5957,-10.63587,25.09495,0.34446,-32.9839,-18.84149,-75.68566,-44.98372,9.74739,36.09281,-98.93891,19.07829,-37.81815
1996-01-01,-12.24366,24.9189,12.4558,-20.34914,-20.99381,6.85066,-9.76306,-16.3318,3.71081,15.61825,-4.36176,-41.10783,-11.09104,-86.84833,-59.37748,-0.25223,21.8613,-97.97612,11.18728,-41.40748
1996-02-01,-11.82242,21.95393,-4.37739,-29.7882,-34.89177,-2.18946,1.01987,-16.09874,-9.74813,22.85271,-0.44292,-52.89125,-11.68442,-75.98667,-59.53828,5.82864,29.1387,-104.34558,9.4889,-40.74383
1996-03-01,-13.19659,-10.30463,21.72557,-25.06545,-32.36952,-6.80638,-17.77835,-13.02571,-25.65046,29.39982,-4.31059,-58.91261,-10.10779,-77.76314,-76.03378,-15.25137,25.47493,-86.11874,11.35198,-48.81987
1996-04-01,-14.29732,-5.34901,7.48378,-12.27586,-32.15156,-2.55229,3.63416,-16.52787,-11.65272,20.91959,-0.16314,-55.41071,-6.53917,-83.93484,-77.46164,-17.15093,25.30303,-92.89838,17.09522,-50.13062
1996-05-01,-19.38223,3.76626,14.84731,-11.54783,-31.58861,-5.22144,5.59725,-14.53895,-5.79899,21.34006,2.12698,-49.48198,-10.32614,-66.83003,-76.66857,-12.48895,26.93289,-89.62243,18.10287,-47.34978
1996-06-01,-20.91384,4.85352,-1.56183,3.33627,-32.22576,-5.63955,0.21814,-21.42861,11.24528,18.49134,-0.47181,-34.70227,-9.7304,-65.78621,-53.04332,-21.03013,31.12819,-100.28312,12.93812,-47.35285
1996-07-01,-15.65794,10.20133,-12.39127,12.00889,-33.30005,-6.8928,7.2208,-15.43151,2.96922,7.35843,0.28634,-20.24634,-11.38115,-72.74792,-59.41117,-15.11901,28.48872,-94.95492,8.89015,-47.42754
1996-08-01,-14.29057,4.19326,9.16611,20.21809,-31.95903,-5.09662,-0.65153,-9.89074,8.23343,14.5603,3.48217,-16.82135,-13.56422,-62.96431,-58.02935,-19.61814,32.60285,-91.78269,8.32436,-48.12175
1996-09-01,-13.04139,7.42898,-9.60249,7.78309,-30.66417,-3.72585,-22.59092,-15.45004,15.15091,8.269,4.65332,-15.67272,-10.86768,-61.18882,-47.18246,-15.63556,34.66885,-89.70211,7.71287,-46.46034
1996-10-01,-12.15507,18.00364,-7.2783,1.28143,-35.59376,-6.05677,-1.09294,-4.4954,-1.65251,23.16738,3.92559,7.22866,-5.64112,-60.59451,-32.80548,-19.0378,30.04043,-83.44199,9.85851,-46.98232
1996-11-01,-14.39218,5.06433,-10.22503,-4.79631,-23.32346,-10.2777,-6.35408,-8.94682,-7.07488,21.84272,8.16497,-7.37091,-11.51515,-77.35349,-56.93488,-9.76396,35.48317,-82.05838,13.82089,-47.29966
1996-12-01,-11.38124,-0.38046,-6.49529,-18.1006,-41.29001,-12.89553,-2.98081,-10.49959,-6.65591,13.47925,10.52144,-4.35098,-10.60523,-67.71971,-48.77054,-11.23188,29.38817,-72.9973,2.99758,-45.73262
1997-01-01,-13.81908,-4.7878,-1.37991,-6.68774,-39.699,-9.99331,-10.51789,-1.06295,-2.60524,22.31998,7.42237,13.96193,-2.45388,-72.84847,-44.38133,-0.28658,33.80054,-71.34758,-3.53759,-44.50538
1997-02-01,-16.30593,-7.90931,11.07708,-3.85302,-51.13451,-12.81421,-13.12431,-5.07449,-6.01659,9.63398,1.25527,10.00704,-10.65479,-85.29837,-49.35405,6.21118,22.18238,-80.28984,7.79865,-40.836
1997-03-01,-18.78524,-2.46452,0.31773,-8.11519,-39.73329,-13.33652,-6.49127,-5.60558,31.78926,10.25161,7.65841,24.38111,-13.55605,-77.63709,-33.91898,7.107,23.01299,-83.5438,5.03578,-42.92802
1997-04-01,-14.71842,-2.87412,2.37556,1.00553,-34.81225,-7.73439,-7.68343,-1.36477,-29.02273,7.9913,7.72849,24.77865,-11.9251,-65.79535,-27.08613,9.02342,14.30196,-71.66951,10.66751,-39.96083
1997-05-01,-13.12484,-2.9332,1.32881,-21.87383,-33.95832,-6.89879,-15.77047,-4.53,-27.11528,11.71547,6.04782,-6.98593,-7.74057,-66.82669,-43.46989,7.83453,23.91838,-43.30892,10.68889,-40.33923
1997-06-01,-15.79126,-1.45531,-12.25569,0.93311,-36.49478,-0.79004,-11.71025,5.27481,-33.177,8.24007,13.76685,5.75488,-11.04453,-60.16746,-38.59425,16.48112,13.63551,-77.366,14.41442,-36.39779
1997-07-01,-12.75933,0.59984,8.83502,13.50931,-30.06175,-9.9595,-5.98763,-2.55687,-5.48457,6.80904,14.39612,8.13742,-10.00735,-53.72767,-37.26484,19.47607,15.69711,-69.13912,19.39703,-31.43008
1997-08-01,-15.85334,2.1087,-2.95926,12.66519,-20.37466,-5.91777,1.08808,3.83473,-31.52711,20.69002,8.54384,11.93156,-8.15541,-67.63257,-17.32852,21.67736,10.66791,-40.57863,14.86849,-27.13777
1997-09-01,-11.14348,21.08121,12.00724,26.97401,-18.48851,-13.11064,6.71192,11.2348,-12.81094,6.87674,11.48319,22.88033,-7.35222,-64.55116,-55.87507,31.93144,13.31246,-77.07369,15.36495,-23.69943
1997-10-01,-11.91155,0.45749,-21.10151,19.00711,-10.14132,-10.78394,10.228,6.7206,-20.43014,22.46165,9.98097,21.97191,-6.70147,-69.73072,-26.51108,38.4035,11.39492,-72.89346,19.36834,-20.82784
1997-11-01,1.57905,2.84316,1.30091,14.9537,-9.65145,-15.81985,14.8868,5.55292,-12.17857,13.9559,21.45062,28.8208,-11.00789,-64.90831,-32.61234,43.35819,16.88852,-67.26894,7.91403,-21.10457
1997-12-01,-10.18034,-6.8213,-1.78405,20.3965,-10.08536,-15.45014,13.45776,7.35853,-7.26421,26.99344,15.7461,27.21202,-3.99964,-75.36121,-53.4522,48.70454,15.77842,-90.69742,1.04963,-13.60994
1998-01-01,-10.22354,1.83798,-14.6215,12.46351,-19.96164,-14.41868,20.90282,13.47578,-15.99921,13.70315,15.15039,18.04602,-2.7424,-35.33729,-47.40676,39.47066,14.7303,-64.48105,8.54335,-15.60525
1998-02-01,-13.48087,-6.65337,-15.33694,-10.24096,-13.36591,-17.30836,19.66626,14.08687,-2.83849,11.18127,15.96034,23.67909,-3.00749,-42.03626,-53.08335,39.87811,17.13995,-67.55679,0.08392,-15.9196
1998-03-01,-10.45189,-8.78632,-11.64256,-10.16261,-12.81106,-4.87614,21.57439,19.00435,-25.57798,12.78226,7.58449,23.58896,-0.16836,-51.71746,-35.96474,39.68378,18.38878,-61.72517,9.60251,-12.11383
1998-04-01,-10.59985,1.75637,-1.04274,-13.68846,-21.64615,-7.19216,12.55655,11.64019,-7.26965,23.40779,19.64097,14.64961,-0.15513,-63.78806,-44.5487,41.99582,18.49412,-74.32546,-0.68777,-14.78759
1998-05-01,-11.61578,0.82622,-26.20003,-9.64406,-20.85448,-5.44146,11.54523,13.88943,-1.75587,1.6219,19.97284,26.60158,-0.28843,-60.60296,-33.17847,42.27898,21.7238,-72.80501,1.19949,-11.38449
1998-06-01,-2.61072,-0.67701,8.70869,-5.11075,-26.44921,-12.53075,11.01829,9.66326,15.92296,7.62353,14.00314,3.92638,0.7493,-69.24284,-39.3075,43.61024,21.34252,-70.30402,2.85721,-16.37934
1998-07-01,-6.93336,-2.93567,14.76353,-13.9197,-29.64065,-9.61968,5.77898,6.49753,-9.50159,24.11132,14.60658,-15.81986,1.78535,-68.96896,-47.10996,39.68657,23.77093,-74.43837,4.04245,-16.44968
1998-08-01,-4.79778,-1.29111,12.05407,-29.84834,-36.67749,-19.30064,6.72127,4.3631,16.77041,16.72319,11.4549,11.60007,0.05107,-51.11818,-55.1181,31.13045,26.01082,-86.84006,4.25476,-20.15037
1998-09-01,-11.05552,-6.60445,-7.2318,-20.41218,-32.53561,-17.50696,-1.03241,0.50507,0.9592,23.76139,1.41955,-10.46494,-1.50437,-60.3838,-48.59327,27.53039,20.81622,-85.62021,7.11543,-24.87991
1998-10-01,-9.75998,-0.73259,1.15321,-11.06567,-28.76054,-20.34154,-15.61257,4.34008,-1.39901,17.32542,0.76952,-13.56563,-6.99162,-62.97283,-57.56163,24.08691,19.91597,-87.57807,0.96058,-33.67934
1998-11-01,-8.37426,-7.3846,-17.5753,-13.3276,-36.88825,-17.22679,-9.05095,6.90059,-9.39444,7.41916,5.90032,-24.25097,-5.97509,-64.20331,-44.97357,11.19318,15.03222,-85.14082,8.16024,-32.00647
1998-12-01,-9.06302,-2.08128,-32.53506,-32.85616,-38.29928,-18.98414,-10.66733,2.70089,-7.97,19.86452,10.98864,-14.40592,-5.66032,-75.64676,-54.36664,7.64993,20.23116,-98.53869,6.93412,-36.39726
1999-01-01,-7.37639,1.69925,13.25188,-25.98814,-25.71616,-17.60141,-8.16864,-4.98538,-16.87045,9.13561,5.92367,-22.59115,-15.25744,-58.73788,-32.54245,-10.44454,17.7804,-95.41445,-8.23869,-39.74475
1999-02-01,-5.87756,-1.39936,-3.05266,-0.32255,-35.55198,-9.90316,-14.95696,-5.65834,28.5633,12.14214,4.7257,-23.64877,-19.86352,-69.25509,-45.38979,-7.46384,15.82451,-83.47503,-2.91849,-42.94479
1999-03-01,-4.58659,-2.04463,-5.37257,26.80456,-41.20482,-14.11962,-17.41823,-9.61559,2.73768,17.11204,6.45311,-29.21683,-6.7551,-63.63953,-43.94122,-7.27637,17.72073,-83.73795,5.14998,-46.3007
1999-04-01,-6.21215,-5.22993,0.49204,11.52205,-55.98344,-11.93005,-17.06846,-5.85552,-9.24521,14.9057,2.51454,-31.67953,-16.6391,-54.03795,-44.56549,-10.64756,16.81954,-84.85201,16.0651,-43.75464
1999-05-01,-9.49128,-12.71457,-10.84815,10.59794,-44.70698,-6.92962,-20.77158,-7.00417,-11.3236,12.54446,5.02474,-26.85545,-12.46575,-66.58453,-44.21435,-13.30699,21.45522,-91.04038,8.70829,-47.29792
1999-06-01,0.48953,-14.45551,4.10583,15.83572,-35.17827,-16.87292,-19.72509,-4.8627,0.95103,12.93043,11.27804,-14.53455,-15.15218,-64.32642,-54.26514,-12.57244,19.15629,-76.23574,9.34781,-40.35674
1999-07-01,-2.03251,-14.98574,-6.66211,25.90746,-28.32852,-11.98156,-24.61791,3.58904,13.66298,3.29151,6.67552,-18.89189,-11.13749,-67.11689,-29.16356,-13.5709,14.91807,-85.87987,8.59821,-43.46573
1999-08-01,-0.56283,-12.35464,-16.87821,32.5963,-30.46273,-4.64475,-23.40191,-1.04208,12.68483,5.81098,7.3042,-8.63869,-12.65797,-64.45155,-23.45571,-7.39821,13.40704,-75.79706,8.75232,-43.21557
1999-09-01,-0.37805,-5.96095,-21.83199,15.36789,-27.80538,0.2274,-16.08875,-0.03814,-23.60816,12.7911,9.46859,1.70551,-5.09116,-61.11144,-24.52041,-11.81293,7.47537,-59.25783,10.85026,-41.02936
1999-10-01,-3.61458,-5.84809,11.51854,11.54043,-34.76433,0.34642,-17.31453,4.24344,-4.73019,5.51334,16.23446,4.98114,-8.4853,-57.65432,-27.04942,-5.9343,13.35112,-87.43121,10.46485,-37.54428
1999-11-01,-2.13328,6.85786,-0.50431,20.12199,-25.62264,0.95048,-18.47327,9.47641,5.7906,11.98148,13.40841,-8.79324,-3.11615,-58.52191,-33.07674,-3.32284,13.97967,-75.79243,14.54163,-34.02269
1999-12-01,-2.48466,-3.37734,-3.61385,26.80881,-20.41732,6.72488,-27.44619,9.2167,-30.67877,7.96838,9.48061,-2.56223,-1.42482,-61.51022,-27.91406,4.57684,16.72485,-60.24462,14.91967,-31.11845
2000-01-01,-1.32107,-4.52508,-0.28434,23.92135,-26.00202,4.16385,-10.98958,19.0644,17.0718,10.0196,7.60258,21.45853,-11.49893,-70.47597,-45.9749,13.16423,18.80445,-67.88823,15.78395,-24.87631
2000-02-01,-2.54425,6.72399,9.22052,23.52619,-23.29158,2.5016,-27.01694,14.32439,15.88284,11.67065,15.72588,8.27169,-4.03002,-69.49713,-40.66467,20.48804,9.33533,-67.87094,17.96175,-20.94364
2000-03-01,-2.04131,7.08711,-0.48006,28.01386,-14.77547,3.31262,-25.80298,14.70094,26.57803,10.86753,7.19936,5.20895,-6.3972,-65.6312,-55.87582,31.29833,10.0383,-80.67966,24.63676,-15.43807
2000-04-01,-4.57803,11.62191,-12.41619,13.60636,-4.66248,9.08719,-33.05167,16.2988,-17.51217,6.84537,14.46853,8.87017,1.70622,-67.03229,-52.14187,33.43737,14.21553,-59.0588,27.09702,-12.75938
2000-05-01,-0.91121,21.44479,-6.87601,14.19454,-8.82117,5.92572,-20.38521,11.85408,9.31715,25.03158,10.05602,8.08993,-8.73389,-65.12782,-56.39515,48.0507,13.1435,-54.59374,20.21769,-13.13569
2000-06-01,-12.64233,21.11839,-4.6419,-3.1547,-1.50292,5.88562,-21.91466,17.24451,-13.42184,23.96571,10.5339,9.33645,-4.86919,-61.23158,-49.03848,34.79391,16.22944,-53.94825,13.81859,-7.30075
2000-07-01,-1.29298,21.1513,-20.86788,-11.23868,-2.51744,5.54021,-25.10958,10.35455,25.79321,30.97706,8.63954,17.01401,-10.83207,-55.87782,-46.24262,40.21874,13.03769,-56.25395,14.19048,-5.50048
2000-08-01,1.28778,14.50827,-9.55975,-14.05136,-2.42759,6.64902,-21.89275,13.5516,-8.99961,26.45546,8.06377,7.26495,-5.01828,-64.71534,-55.06709,42.6575,19.85399,-44.7348,12.1997,-4.36051
2000-09-01,5.34269,6.70825,-0.78562,-6.2073,-8.30843,11.34472,-43.51497,16.22081,-17.66469,32.53779,8.52323,7.81829,-10.06135,-61.68937,-62.46701,49.14935,13.3468,-52.70859,14.46949,-1.22223
2000-10-01,0.67591,-7.45842,-9.35671,-7.88269,-9.38854,11.20673,-17.82382,8.3466,-8.01325,16.28286,6.53552,8.68148,2.46537,-44.065,-59.2661,51.08625,13.57213,-48.6839,16.91525,-1.46061
2000-11-01,-3.34915,5.35844,-13.72827,-21.70984,-5.28246,18.34301,-23.8097,8.58843,4.66921,19.47849,9.95987,16.73962,-11.70661,-61.97089,-58.72806,60.26996,8.92257,-57.93372,18.11457,-0.13314
2000-12-01,0.51486,10.92588,-5.96035,-11.56866,-12.06123,11.41648,-20.72245,4.61326,19.40101,9.50414,6.17758,-3.18832,-9.76266,-69.38709,-40.97367,62.42391,8.02498,-61.96998,22.79203,6.21437
2001-01-01,-4.43097,6.63815,-3.21448,-23.33047,-7.29356,8.60034,-44.94654,8.1045,-2.83093,16.01197,9.35075,-13.87535,-2.26803,-64.04934,-54.01274,66.74456,8.87819,-60.4972,25.77516,3.04088
2001-02-01,0.03299,1.63473,-15.02575,-26.356,-5.01295,8.64335,-31.43243,3.37652,-1.72635,14.88505,4.75077,-10.06542,0.16342,-65.23754,-57.69875,54.51551,11.73935,-61.45746,19.81282,-2.83575
2001-03-01,-11.90467,3.13731,-7.1354,-31.61626,-9.398,-0.12596,-35.3055,3.35581,-22.08821,11.75747,2.0936,-9.50626,-0.02117,-61.98715,-60.90589,56.4507,14.26337,-60.73465,18.10505,-9.53616
2001-04-01,-4.39273,3.79956,-8.37825,-31.34793,-19.56391,-5.38127,-36.68247,-6.6196,-16.84966,21.52184,1.37053,-20.1502,-2.92172,-69.15352,-62.58971,43.43675,23.60807,-62.05946,17.34622,-15.75895
2001-05-01,-8.39831,-2.25165,-1.32393,-28.44255,-20.42372,-9.97063,-31.99087,-2.44081,-17.5917,12.03126,-3.05722,-25.50836,1.45669,-61.12546,-55.75148,40.90232,22.12082,-63.28694,14.83579,-16.92264
2001-06-01,-11.79937,-2.30825,17.94501,-1.84179,-31.67269,-6.29347,-31.38317,-9.44105,-0.34646,20.42128,-9.20594,-34.06587,-2.15445,-59.12568,-74.07071,43.85672,18.14324,-68.64319,11.15183,-22.31345
2001-07-01,-8.27852,5.55725,-1.20126,-4.49667,-37.50284,-2.97584,-23.42819,-4.41714,-24.60832,19.84022,-2.45191,-27.15856,6.55413,-60.25848,-70.13132,39.14727,27.43275,-57.68845,8.86076,-27.53383
2001-08-01,-13.93816,1.12702,0.98041,-12.42321,-39.32575,3.07308,-25.6838,-10.69495,-31.63872,6.81128,2.70416,-28.51097,12.04471,-55.97181,-68.52007,37.65255,25.27545,-77.02259,9.58438,-31.5322
2001-09-01,-13.33938,12.39987,9.99897,-10.13044,-41.43424,-9.53716,-20.73539,-15.13466,-15.54755,7.49781,3.48508,-47.68681,1.14178,-65.49553,-67.91498,28.05761,29.44596,-75.11017,10.88431,-35.5328
2001-10-01,-10.7899,-13.88221,-0.66463,-9.02164,-39.14856,-6.10994,-6.19746,-17.96378,-30.19317,16.57722,-8.05488,-40.51117,-1.41214,-66.9827,-71.65835,15.91115,24.46709,-73.83962,12.3922,-39.41759
2001-11-01,-13.47727,4.0581,0.84335,0.22013,-52.19993,-14.38603,-5.90219,-24.90676,-37.61824,10.10821,-11.5057,-31.95432,6.22534,-76.46362,-66.65824,10.19094,17.95706,-93.88342,26.71114,-43.29125
2001-12-01,-12.79934,1.1114,0.66854,-13.08989,-49.6185,-12.88709,19.03764,-20.02004,-24.30548,4.40942,-1.00256,-21.72289,-0.42029,-54.31291,-55.98738,-0.9597,17.16139,-73.97097,9.69028,-44.36341
2002-01-01,-11.94879,-0.65441,-7.69716,-6.02885,-51.93122,-14.42898,12.33103,-27.9705,-21.71406,22.50474,-8.75158,-25.94221,-0.48885,-67.14239,-56.27078,-2.27291,14.79501,-66.09622,23.73013,-43.94752
2002-02-01,-9.61903,-0.31586,3.13598,10.55191,-64.27008,-12.91038,14.91221,-13.84864,-42.23156,17.13224,9.76563,-12.72049,1.64179,-56.30413,-56.0153,-2.06535,16.09603,-63.42948,10.68109,-42.69429
2002-03-01,-12.09556,-3.90347,-2.11035,25.86751,-66.27921,-6.06923,12.97297,-4.77896,-7.62763,16.68711,-2.99012,-2.60828,-0.74989,-65.94815,-50.11189,-6.87476,20.62942,-81.65383,5.6286,-41.59601
2002-04-01,-12.15109,-4.2343,-6.62239,-1.0827,-70.23621,-20.45128,35.8919,0.31656,-33.19103,8.46726,2.34289,10.43603,-1.70356,-57.77711,-56.36222,-2.29048,14.85958,-55.16129,8.65113,-41.71051
2002-05-01,-12.56562,1.80569,-0.41479,-0.65876,-51.99654,-16.85128,49.2584,1.08677,-46.06921,7.46465,3.61642,15.41872,1.29062,-45.6216,-64.24276,0.25034,15.33229,-92.98155,7.5542,-36.73133
2002-06-01,-15.76049,4.04979,-6.88351,-8.31495,-61.65745,-16.98185,23.26379,1.31839,-47.9258,10.55862,1.8966,13.49528,5.08349,-65.94038,-65.82459,-0.40446,20.12554,-95.27534,8.41226,-36.464
2002-07-01,-17.15997,-1.37499,0.32249,-22.30186,-62.72055,-12.3701,17.06836,-2.36546,-14.01065,2.04355,2.46638,3.70795,1.30678,-75.6509,-88.77503,-7.83051,13.82982,-97.61898,5.58193,-39.53752
2002-08-01,-22.30179,-0.81761,-11.23974,-12.80016,-64.55235,-11.6376,22.6851,-14.97564,-25.80823,19.7565,8.41746,0.54681,-1.42261,-62.32587,-71.91295,-5.96066,11.92032,-95.38775,7.81083,-40.72721
2002-09-01,-18.70219,3.9414,-5.56126,-21.29176,-70.09728,-16.72014,15.85431,-3.42947,-34.33395,12.1077,9.35011,3.18734,0.07134,-61.18571,-75.39224,7.89526,14.37151,-94.08488,2.36,-39.83972
2002-10-01,-20.85471,2.14759,-10.65248,-23.45048,-70.52929,-17.67186,-4.05236,-1.22762,-24.08996,18.34048,8.50036,-2.75473,11.55698,-60.63946,-75.35444,-5.27735,11.48907,-96.07789,5.71539,-38.49051
2002-11-01,-18.64042,-4.04731,0.51688,3.68677,-62.94568,-16.69688,-2.53451,-13.26046,-27.36554,31.29313,7.09219,-7.1535,-4.04763,-53.31343,-76.62442,-7.69439,14.68025,-93.06009,1.40969,-40.33786
2002-12-01,-23.38031,-2.2247,-16.44885,-14.35692,-49.98426,-17.3803,-8.80982,-12.6421,-19.22625,23.6692,7.75216,-11.51383,-4.97563,-55.39656,-89.59645,-5.14279,14.29405,-96.07631,-3.3758,-43.01735
2003-01-01,-24.09213,-5.87594,0.4088,-10.13916,-60.37215,-10.56779,-13.03933,-10.89627,-23.78333,3.0138,9.34553,-7.23604,-1.37526,-58.63731,-87.91106,-7.22865,16.60115,-101.12274,9.64115,-40.80557
2003-02-01,-27.21013,2.15222,-14.1448,-6.5916,-62.37312,-11.82472,-7.95809,-9.0138,-43.75019,-6.31672,6.62388,-14.23978,-1.93249,-38.8876,-83.66886,-6.65393,17.38294,-77.50058,-1.50161,-40.5183
2003-03-01,-27.6161,1.64946,-45.58957,-7.17186,-52.5345,-1.7307,-9.37283,-14.96667,-28.95505,15.24408,3.04837,-8.30819,-6.73834,-58.07324,-83.09768,-9.83196,16.18958,-98.10853,0.28565,-39.64065
2003-04-01,-22.35762,-6.15048,38.09125,2.00337,-52.54967,-0.08311,-20.14881,-8.15221,-32.61357,14.32953,-6.7824,-0.0621,-2.65882,-57.81217,-85.84314,4.88687,17.00271,-100.46897,-4.17004,-42.72576
2003-05-01,-24.45325,-3.10933,45.58539,-1.78862,-57.28029,5.35401,-24.4801,-10.77447,-17.29664,6.8284,1.1737,-9.42997,7.30621,-65.14715,-81.74042,-3.17111,24.75735,-92.98738,-4.66195,-45.53147
2003-06-01,-23.84427,-3.4031,20.30874,-37.08577,-59.4276,1.83429,-30.1224,-12.07968,-12.37771,-1.42089,3.96929,6.70744,-6.38365,-69.46351,-83.91004,-6.2448,16.12508,-91.47506,-5.21697,-48.70584
2003-07-01,-28.72909,-7.19253,28.85567,-19.79794,-59.1593,-7.03004,-29.26262,-13.42748,-1.8124,12.79223,2.28531,-24.92716,-1.6925,-72.6779,-77.58004,1.22976,15.34825,-95.1578,2.19441,-45.51832
2003-08-01,-20.64561,-4.21392,32.59091,-9.83903,-56.27176,-9.11242,-40.05226,-4.07097,-10.51506,11.82011,5.33251,8.13248,-0.42838,-70.86465,-78.51169,12.99952,14.59975,-92.96435,4.09281,-43.90046
2003-09-01,-17.79547,1.47101,21.29813,-14.75138,-49.3633,-8.63108,-54.62834,-3.32457,4.65947,9.77323,5.03695,4.9015,-5.41839,-69.36328,-71.13884,-0.17149,12.19275,-92.56423,-0.07786,-46.11319
2003-10-01,-17.01911,0.93185,18.90271,-0.53739,-50.91196,-10.87314,-30.21597,0.82939,15.89657,18.90523,9.39845,14.29918,0.86662,-64.47158,-68.41119,2.64183,7.50348,-97.12167,-3.04597,-38.65426
2003-11-01,-16.31546,6.44085,25.41319,0.50832,-33.37512,-0.22181,-34.3223,5.89032,25.05141,-10.35934,6.6029,28.1555,-0.91418,-57.39233,-75.92425,4.98719,5.23822,-94.28604,-3.99337,-33.24487
2003-12-01,-20.59251,12.38378,33.88558,8.09863,-43.9489,-21.40908,-38.19793,5.01965,13.4958,15.83626,8.46894,21.68569,-4.60068,-54.00686,-65.62906,13.05346,1.29166,-96.72104,4.59032,-31.73588
2004-01-01,-17.91107,-0.17317,27.33905,-0.74157,-45.67043,-16.00903,-35.30995,-3.56654,-8.12055,6.59246,5.50371,24.50542,-0.69371,-50.20118,-65.63088,15.16972,2.45921,-99.99504,-1.38465,-32.61948
2004-02-01,-17.35054,-3.83548,32.04609,-10.9499,-29.73421,-9.40272,-35.47519,-0.42495,-7.58774,17.143,6.42911,20.2554,-6.18977,-56.62665,-69.25584,21.44845,17.58189,-105.84394,5.13332,-31.37457
2004-03-01,-23.21182,-2.69141,17.87512,-6.32275,-43.98816,-14.40497,-21.6323,-4.89387,7.17687,12.5214,7.07463,-11.5011,-3.04698,-60.95002,-73.59668,25.25249,3.93675,-96.52283,3.07262,-23.62565
2004-04-01,5.97514,7.47157,33.85622,-3.95722,-28.8243,-7.01687,-30.41323,1.05342,15.14406,2.02272,8.00203,1.40938,-0.59542,-59.81375,-66.34178,12.65931,10.13428,-100.44142,-2.09443,-17.76299
2004-05-01,19.05953,2.06847,10.86623,-7.08285,-25.8948,-6.59555,-29.70401,4.33052,6.536,9.72664,6.73086,3.78039,-10.84404,-54.23746,-71.40025,24.30799,5.23535,-98.37448,0.12655,-18.47254
2004-06-01,6.07249,4.2001,3.66567,-23.66138,-22.47298,-1.53334,-16.32573,12.62977,-8.86203,12.86326,12.96729,4.10434,-8.64223,-58.8334,-60.6442,31.44043,7.35467,-98.64018,1.35584,-12.88118
2004-07-01,-4.48154,7.58561,18.09151,11.04864,-21.5276,-15.19968,-17.56062,2.89296,-26.91172,7.44259,14.11211,8.24292,-15.84339,-56.17223,-66.76177,27.88018,11.73819,-38.73475,9.68753,-4.56378
2004-08-01,7.15778,6.79364,30.2716,13.92331,-22.12462,-3.79813,-10.03983,-3.61967,-9.51818,11.49806,0.31322,10.2256,-4.40173,-56.91062,-62.15659,29.39458,10.33091,-98.53032,-8.48874,2.96424
2004-09-01,-0.45407,5.61539,-3.17549,9.04654,-11.02278,2.40342,-0.5914,-3.22745,-22.08876,11.22846,1.7507,6.11674,-10.29519,-61.6078,-54.61222,32.77224,9.94007,-97.52069,-1.37578,-2.26021
2004-10-01,3.64975,5.61554,30.33852,16.93141,-19.55491,-8.26576,-4.27565,-0.59055,-13.15937,-0.74815,10.44301,11.10548,-21.22199,-56.59501,-67.98426,33.11123,10.49594,-96.39914,-6.9686,-4.88816
2004-11-01,1.14406,0.32912,28.99552,7.40196,-14.65517,0.53584,-1.28803,-1.1858,-25.70861,6.66784,10.11562,3.55401,-11.90698,-64.60952,-89.47186,35.3744,12.66756,-100.11904,-7.54101,-4.09809
2004-12-01,1.47193,2.53179,22.85679,-0.43904,-26.25548,4.75034,-1.90348,-0.18077,-16.77157,3.7728,11.11607,-14.20061,-6.64464,-53.8545,-73.96807,33.96776,21.15843,-99.07825,-10.3242,-6.46312
2005-01-01,14.48904,9.62346,31.61494,-6.18415,-9.94461,0.08115,4.24071,10.29399,-12.65043,6.47266,16.62711,5.96749,-9.62457,-57.70839,-65.70492,35.61869,14.32826,-98.15187,-2.6067,-1.5039
2005-02-01,1.46992,6.7586,30.36302,-13.0162,-19.01873,-3.07668,14.50016,-0.35427,-19.18918,5.74361,13.15949,2.5159,-7.0398,-49.74153,-62.10617,36.99431,18.90014,-104.42969,1.76364,4.79804
2005-03-01,-2.746,8.92975,33.88745,-7.00581,-15.75422,-15.54283,-4.77918,4.38107,-27.55354,7.40594,17.21096,1.08001,-8.63584,-50.69125,-64.8422,33.59171,17.66688,-103.37737,1.88926,-4.57941
2005-04-01,-14.28233,-0.75456,34.23194,-34.11407,-28.52977,-8.36754,3.85941,-4.47947,-4.32969,7.13671,15.65313,-12.6375,-16.5731,-68.73542,-66.14878,38.42014,10.42858,-101.24539,-4.01522,-6.8615
2005-05-01,-17.78405,3.58782,30.75885,-8.7903,-27.19108,-12.2867,-5.95384,-5.53323,6.00672,10.61167,14.37311,-2.8781,-1.7894,-57.23405,-62.5201,40.60904,12.764,-100.36308,2.91109,-7.49378
2005-06-01,-26.67955,16.89235,45.22988,6.68444,-28.60204,-11.92398,-3.60151,-3.84032,-16.82573,5.08712,7.85677,-20.28675,-9.40511,-35.88003,-70.76638,36.50127,15.48754,-98.37093,5.12014,-10.94186
2005-07-01,-18.86809,-7.88564,31.70495,20.21745,-38.83499,-10.83582,0.20823,3.85622,13.82572,14.76133,11.09557,-4.59256,-7.00069,-32.0725,-50.73955,35.64291,14.30932,-98.93158,-1.84288,-8.69346
2005-08-01,-10.06529,-0.42903,30.03121,-7.5322,-21.46618,-10.83515,-6.00164,5.0143,1.08278,-1.52452,16.14375,3.41409,-5.64256,-49.87583,-67.98291,38.22891,11.85456,-72.19936,-0.9538,-8.09795
2005-09-01,-12.67012,0.05242,38.34369,4.81926,-22.8929,-14.21255,-9.59004,8.34709,15.56347,-7.76741,13.51645,-5.6218,-1.35716,-24.72966,-61.43644,41.11281,10.76344,-92.5696,-3.6405,-4.33548
2005-10-01,-5.94682,-6.64047,36.56127,-1.77976,-12.42682,-4.17245,-6.55087,8.02353,1.25206,4.57066,21.69761,-1.38399,0.23059,-41.45918,-62.02115,45.08833,14.28942,-95.56117,-5.82813,-4.15293
2005-11-01,-2.71409,-0.59159,26.97542,-16.18724,-12.00607,10.3703,8.13535,11.17367,-1.02464,6.48157,19.47915,-16.73767,-0.34759,-32.0202,-56.24092,46.09685,19.26428,-95.99036,-8.41225,1.01454
2005-12-01,-1.33627,-2.26742,37.57583,-8.07976,3.20134,-1.07674,8.20946,8.74031,9.54998,1.15445,16.72349,3.07403,-2.72904,-45.37588,-29.49157,40.55173,14.80686,-100.68536,0.62549,1.80909
2006-01-01,5.20867,4.7413,14.53609,2.15024,-11.03384,1.22394,18.54791,4.14754,6.41793,15.11506,17.72704,6.46673,-5.73575,-35.11281,-40.67157,44.59373,14.21238,-95.0165,-9.82096,5.53026
2006-02-01,6.68462,0.55722,3.32973,16.09486,8.53564,-1.77997,27.57442,8.12093,23.26489,1.48636,10.98789,10.14347,-8.49657,-47.11118,-36.46953,48.73292,7.32278,-103.55194,14.47437,13.01875
2006-03-01,12.06395,-0.44006,14.17927,7.62672,10.06715,8.81168,24.54969,6.07083,-4.81592,2.13207,20.27145,9.60148,-5.95373,-32.07791,-36.31165,52.32082,9.48936,-104.20727,-1.37242,18.58294
2006-04-01,17.72792,7.52889,0.82183,12.16155,14.60073,-0.78509,29.85783,7.54238,-1.65674,8.96502,23.35519,7.61406,-6.23794,-32.77463,-28.6336,59.26726,3.74228,-102.54053,6.17149,22.95284
2006-05-01,21.10449,4.18485,35.63425,4.04467,16.9428,-2.54419,38.65245,7.43243,0.59998,12.40361,22.10929,-10.54607,-3.94825,-30.07058,-21.17999,68.81365,5.22263,-102.19811,8.7018,20.51405
2006-06-01,25.17131,6.88166,19.89226,12.97594,11.70563,-14.59898,19.25498,6.97603,7.32405,9.14191,20.47367,2.97455,-0.28456,-33.24053,-18.47051,53.82578,8.77926,-98.17103,9.06805,24.9766
2006-07-01,32.976,12.53452,13.33513,-5.67004,31.76388,2.76009,46.66208,-0.78022,-9.21913,5.79833,14.21514,1.31029,1.18896,-28.88209,-24.20464,65.00043,0.83557,-98.27946,2.58861,22.1406
2006-08-01,25.62805,7.87071,-12.9573,-2.91744,30.55027,-2.21287,45.48288,12.23382,-11.669,5.83728,14.90786,-4.83794,-3.41327,-21.96937,-2.21104,50.17591,1.2753,-95.20821,5.76878,23.81283
2006-09-01,30.178,2.96043,19.04856,-11.60337,18.73169,-1.62647,50.93897,9.54416,-4.75718,13.66894,17.41074,11.27085,-2.71362,-17.66281,-6.46153,63.24638,2.59782,-95.44714,13.96761,28.64246
2006-10-01,31.75583,18.79614,19.01369,-5.94908,32.3193,-1.05966,58.40864,9.66096,2.64779,10.29252,18.9471,2.60859,-0.85424,-10.37438,-0.11964,63.80701,6.97071,-90.96827,12.46577,29.61602
2006-11-01,24.93896,17.77413,13.77819,10.33252,17.53405,3.99832,51.7004,18.87717,3.3574,10.56925,21.88226,3.10552,2.95753,-21.76185,6.16011,65.50872,1.97474,-88.57621,10.30122,32.09233
2006-12-01,31.872,21.06589,16.51858,12.96431,43.77341,8.0029,56.70524,21.8151,-13.7184,17.13473,21.20309,9.00684,6.63025,-13.12576,4.34885,71.55537,-1.66263,-83.36617,8.51751,33.03547
2007-01-01,36.47059,14.2327,20.86069,26.61151,36.37737,6.49146,43.23022,24.38218,-2.67391,12.79731,11.85223,-1.30071,6.03975,-14.69466,-20.45528,75.30437,-0.96282,-78.44124,-2.05675,31.59989
2007-02-01,33.29402,26.21887,22.56061,11.85957,26.7933,2.10213,42.7241,25.08171,-7.75413,11.56406,21.81153,1.83509,12.00656,-26.89965,-13.79081,72.04925,0.90928,-54.12706,0.19332,32.20224
2007-03-01,29.30262,27.31946,26.02288,14.2878,15.71309,3.45837,52.83197,22.52288,20.17362,5.80089,15.36391,3.09391,13.70719,-18.16206,-27.51266,73.10397,-0.57446,-64.56031,2.49907,31.86104
2007-04-01,28.32423,20.89603,21.39551,-2.00044,27.00848,1.60859,54.64147,23.54581,21.98593,12.82861,11.9863,10.38386,14.39438,-29.52107,-33.80985,72.16821,5.95122,-39.47751,5.24443,30.68632
2007-05-01,23.19869,24.38219,33.85748,2.38378,29.21976,4.47601,57.12104,19.99352,19.5996,8.05395,17.9698,6.28008,12.1737,-33.50461,-2.55168,69.72138,3.73438,-85.23319,8.7642,35.63754
2007-06-01,26.32478,10.54265,5.49953,-3.6056,32.11867,7.84637,54.55212,19.93696,16.78561,8.00019,12.02913,3.82818,15.98778,-28.15129,-11.81039,72.37576,-1.85679,-68.39558,10.99655,39.73215
2007-07-01,21.58345,9.00199,14.08538,9.13182,30.37126,10.79725,51.28994,21.63499,2.9653,2.14116,18.21606,9.85804,9.84285,-36.17562,-29.39813,69.93257,2.3069,-73.73556,3.98659,35.00118
2007-08-01,16.82482,24.74835,11.61957,3.86352,13.11092,10.35515,57.06758,23.05976,20.51384,10.46291,14.80025,3.4091,11.4313,-26.70159,-33.06372,68.02244,-2.45205,-73.75038,3.64088,33.7313
2007-09-01,22.06147,10.27239,6.94927,17.36614,20.50514,6.99358,52.46917,21.2101,-16.6123,4.9416,17.3492,6.95123,9.94284,-11.61054,-52.0208,68.53404,0.46574,-74.69853,5.63991,33.58708
2007-10-01,14.39057,21.73611,-8.59541,4.90089,10.19729,8.08786,77.20521,18.7227,28.90001,19.25425,20.3286,0.14434,2.13742,-40.23711,-22.88614,66.80156,-3.43641,-79.18318,4.61305,36.45732
2007-11-01,29.49664,15.53207,19.85611,-1.50111,19.32926,-1.59407,50.26234,22.23382,0.8558,14.33975,15.15609,-0.25753,5.61384,-33.41291,-30.58312,68.4351,3.78199,-54.72771,-0.17649,40.21576
2007-12-01,33.06246,31.04643,9.00536,12.44937,18.99705,-2.86894,50.55907,21.16338,-16.05983,3.80955,16.68935,-3.38334,4.16679,-38.46936,-31.08016,74.28669,0.80667,-62.57441,-3.62141,42.24872
2008-01-01,26.30318,22.83974,24.37317,0.82276,29.13954,-0.37948,53.03959,32.28699,3.91336,11.25785,11.83337,-15.33046,13.74751,-41.28429,-20.58261,68.36594,0.83123,-69.48668,7.65895,34.69218
2008-02-01,35.07713,19.91998,25.13935,-7.46635,15.18981,18.88661,37.20006,17.74239,-21.27914,7.36201,11.73909,2.61685,2.45542,-29.74168,-22.00986,76.0831,-1.39725,-56.71856,3.90462,35.32461
2008-03-01,37.9104,5.65366,25.02417,-3.90598,22.64037,11.55145,61.69153,14.96501,15.74028,8.99711,14.27491,-4.78573,4.78892,-35.64281,-10.32524,74.79411,-1.41166,-57.50096,4.5339,32.10597
2008-04-01,24.46256,23.19263,24.68641,-7.91197,-3.29171,10.18087,61.36821,13.96713,15.54652,13.06618,11.69807,-0.80511,2.30534,-48.48116,-10.884,64.47485,-2.10122,-61.00966,18.16399,29.52898
2008-05-01,50.08013,7.58227,24.85542,-4.72647,6.38459,7.40649,71.27722,9.79049,-40.62652,7.01018,13.7854,-8.10998,3.30198,-20.56185,-8.90432,67.97934,-3.58986,-52.09134,5.96291,23.61198
2008-06-01,29.301,14.23977,17.66304,-15.51423,8.6077,-11.03368,67.84017,5.60806,-37.46353,7.13567,11.56707,-15.58019,1.03057,-38.95175,-7.65596,56.97619,-2.40497,-68.92991,9.98979,25.43
2008-07-01,28.22067,22.47165,13.41903,-14.99123,1.35501,6.18951,65.46483,-2.31598,-49.43359,14.70298,11.40958,-22.45041,-1.4511,-50.47763,-23.16851,54.71939,-3.39541,-66.16184,12.40639,17.92073
2008-08-01,27.14152,14.15175,22.89829,-20.07869,-3.23068,11.42479,67.79902,-10.88073,-45.22606,16.84778,4.67898,-32.57178,-8.98681,-54.89583,-31.85549,54.73145,0.68055,-66.86703,10.52173,14.6421
2008-09-01,18.37045,19.88762,9.21674,-3.96612,-5.5783,12.33714,41.99173,-8.21401,-64.73734,16.08733,4.40025,-42.83294,-3.78892,-56.48323,-33.93269,46.4654,2.43591,-94.83015,8.49381,12.5813
2008-10-01,5.79186,8.00199,-8.49542,-32.02692,-12.69448,12.31228,56.52979,-15.20786,-35.65598,-1.5817,-6.15617,-47.77489,-1.22163,-48.59377,-33.04774,33.87568,7.98593,-68.40473,10.59625,2.37113
2008-11-01,-6.01193,6.54013,12.58294,-28.80446,-24.025,-2.96376,54.82605,-31.10078,-58.49199,2.66984,-12.56528,-54.34372,-2.13502,-52.97206,-17.40538,12.53935,12.63918,-98.79967,2.33963,-16.54715
2008-12-01,-10.25269,-7.43775,45.15679,-48.31347,-40.17752,-14.10103,39.6468,-44.07706,-60.93611,8.65849,-22.14121,-81.39551,-2.56355,-45.13377,-24.94465,-8.49453,17.31487,-85.75896,6.91906,-29.62427
2009-01-01,-22.63007,-5.78708,7.98848,-62.46074,-50.22509,-2.4625,23.48796,-28.39228,-60.87568,24.43949,-26.16801,-33.32568,-0.38304,-47.57475,-14.46073,-25.03469,22.60505,-93.19692,3.55564,-37.15072
2009-02-01,-26.85257,-12.04172,16.77244,-46.70068,-50.30609,-12.81578,4.25681,-45.24821,-50.61411,7.78925,-17.58399,-62.41925,-4.44111,-50.97372,-25.74467,-48.60318,28.4324,-101.69062,5.55858,-58.63469
2009-03-01,-33.97435,-16.71682,10.04191,-58.71808,-62.00102,-16.98026,-25.31637,-45.45302,-60.79007,6.26059,-22.7275,-51.59146,-8.3927,-58.69348,-10.93411,-65.35541,18.92216,-104.64543,4.8196,-62.78107
2009-04-01,-37.30812,-20.36585,25.6559,-36.07559,-66.08451,-13.94497,-38.77045,-45.65852,-46.74552,0.13763,-11.71374,-60.33728,-1.68125,-57.60051,-9.87648,-81.3229,31.69966,-103.45215,5.75999,-71.6
2009-05-01,-32.16224,-20.32954,19.24583,-21.39978,-72.11751,-5.00365,-49.49532,-39.44722,-41.33352,6.44231,-10.30031,-30.25037,-1.37442,-50.17952,-26.77172,-84.71098,21.22361,-102.26345,0.29669,-73.54793
2009-06-01,-33.47544,-9.70598,25.21865,-17.07536,-79.61028,-15.06839,-28.16839,-27.45264,-22.22714,22.61505,-4.72857,-20.39968,-3.80868,-63.33617,-21.37943,-79.04873,22.95184,-94.05217,-12.04444,-76.90629
2009-07-01,-32.5674,-21.34426,29.66145,-6.31926,-77.83202,-13.82723,-54.8056,-22.21164,-33.84672,17.02226,-6.33607,-19.72739,1.37889,-49.64834,-11.05899,-83.45008,17.89815,-95.18866,-1.14651,-74.08027
2009-08-01,-19.43464,-9.82529,12.77463,24.50619,-64.98137,-13.5979,-58.15673,-15.50116,-31.69315,-0.8444,11.78804,12.50218,2.96088,-55.48035,1.76222,-84.05964,28.69722,-93.66195,4.44604,-76.39253
2009-09-01,-20.91528,-11.45879,26.4979,-2.24306,-63.77173,-10.18475,-65.47383,-11.89587,5.74463,2.24067,11.51609,6.12555,3.57185,-54.47918,10.29288,-84.26155,17.25374,-93.706,9.6406,-76.231
2009-10-01,-26.90089,-14.28731,16.83895,13.56297,-59.93475,-4.9908,-68.64922,-12.31775,-4.78007,-2.69356,3.41307,11.69896,1.02956,-55.181,-11.10868,-75.72312,18.41761,-92.52375,7.41935,-75.64484
2009-11-01,-10.17717,-6.12632,26.67867,12.88179,-51.08883,1.75987,-70.47499,7.56657,14.26444,-0.35465,5.55809,10.62069,1.88416,-55.16457,-15.7687,-68.37408,13.58994,-94.53897,4.72265,-75.2944
2009-12-01,-23.57882,-11.78272,23.42605,12.73917,-51.77236,-2.2312,-68.74549,0.70405,18.04968,-5.86167,6.77231,23.84067,3.58525,-37.14738,0.26785,-64.46934,11.74125,-109.74339,-0.61316,-68.4448
2010-01-01,-18.31615,-5.342,18.728,20.84636,-48.72308,-10.37755,-51.50952,-1.81008,3.23892,-7.97263,13.62536,22.01637,14.68327,-49.32013,17.11897,-64.90972,9.40565,-91.09403,13.51265,-60.15362
2010-02-01,-16.1973,-2.0015,23.83681,19.87664,-33.9642,-0.278,-37.47301,3.90768,-1.73418,2.45,14.07856,34.37151,0.99666,-58.77879,3.92245,-65.88942,7.43552,-89.23239,9.20964,-55.66248
2010-03-01,-12.27103,4.27655,12.12948,30.32554,-20.86629,0.54239,-29.17459,5.06415,15.74921,15.80563,11.11388,26.69825,7.74594,-55.66402,3.94561,-46.63241,3.40348,-86.34743,8.19718,-48.86786
2010-04-01,-8.30411,8.32965,-6.97689,27.17466,-4.27357,1.89682,-31.78327,13.52405,26.1796,-2.9239,20.13968,25.51202,6.75748,-37.505,2.31828,-37.3519,-0.58383,-73.10292,5.29366,-39.69361
2010-05-01,7.12754,19.91204,-5.13304,27.94523,7.23249,4.5276,-30.35602,15.78655,44.16638,5.35099,18.60546,26.71803,1.79056,-35.75303,23.20623,-29.27299,13.04464,-66.17692,8.47533,-32.86136
2010-06-01,-2.95258,18.75187,2.47139,26.34341,19.05358,9.36661,-29.88237,12.52484,14.54564,7.64267,16.16458,6.7544,1.41187,-35.5967,10.77335,-23.88952,7.3617,-93.12393,8.88066,-30.10414
2010-07-01,3.62691,15.23941,11.29191,18.15405,25.11256,6.8245,-29.21739,19.63408,46.8555,8.29054,17.04664,24.39333,17.24748,-34.11632,13.64802,-5.37899,1.07207,-81.27875,12.42997,-16.96119
2010-08-01,0.11789,18.10442,11.51244,18.40112,26.56796,10.89448,-17.95293,17.06191,41.21098,5.07438,20.04342,32.55538,12.09691,-31.13838,20.4669,-12.10382,1.64442,-84.80914,14.35401,-12.45108
2010-09-01,2.44519,35.16578,5.09206,25.81517,34.22646,11.29136,-5.06673,19.78989,46.23254,2.00687,16.68947,24.0613,7.94239,-34.00908,30.34733,-1.32589,2.90476,-83.35103,10.06909,-9.79225
2010-10-01,8.12932,10.88802,11.63498,5.02773,39.67061,10.01601,-13.15637,28.55921,32.35599,6.7582,8.85754,32.38121,9.17167,-35.38596,31.52918,9.88,-7.94129,-86.19082,8.29447,-3.63941
2010-11-01,10.30107,11.0953,-8.58846,5.44943,33.16791,12.78712,-10.48282,22.98652,35.51976,5.83324,12.5774,31.12654,6.12895,-34.10209,22.0128,17.16731,-11.69326,-85.66564,15.93702,-1.00282
2010-12-01,15.28815,21.5581,1.39107,-1.49141,40.21459,18.57771,27.14166,23.55449,39.38428,7.73031,15.30502,20.58803,12.3241,-48.31605,7.43554,18.54958,-8.7356,-80.54356,14.63038,2.56342
2011-01-01,17.90744,7.96549,0.88574,-9.60192,36.08746,22.68346,24.91891,29.58174,30.53423,15.22852,18.31811,11.17025,7.90007,-43.02498,1.6834,36.89995,-10.78379,-83.40335,20.54637,6.79216
2011-02-01,12.6139,8.39947,-14.50143,4.41256,41.92143,13.98602,29.13315,28.21435,15.41609,8.27235,12.78848,7.93129,11.44311,-28.13807,7.72837,30.53818,-12.36212,-86.10766,16.85607,7.19976
2011-03-01,11.20658,27.22973,-13.11853,-2.99211,40.86118,12.66364,74.3359,35.00423,61.27459,15.46207,15.96565,9.12321,6.79159,-22.33711,26.17412,43.54127,-9.16357,-92.58839,21.68247,14.01992
2011-04-01,10.48993,6.51561,-6.39251,3.25875,40.80899,18.30875,84.03847,24.59046,44.15052,10.74048,11.15856,10.9904,4.43195,-19.52128,31.00736,42.14813,-13.74455,-86.36194,15.78529,20.06052
2011-05-01,10.72638,10.49908,17.20029,-3.71981,40.24872,10.64802,52.83481,28.60453,41.86612,2.20451,14.72287,6.84715,9.03769,-51.17447,14.13639,53.46388,-9.26792,-93.4743,17.55382,15.92001
2011-06-01,13.53077,12.49991,7.73838,-14.21173,43.75018,26.02982,59.50329,30.20001,12.53828,7.58832,15.23188,8.89261,6.16289,-46.00925,17.22544,39.82402,-13.20025,-92.77482,14.74902,15.78378
2011-07-01,10.0467,13.12589,-7.09998,-7.93489,26.68485,20.24873,67.35834,22.73613,22.74504,4.08187,3.36462,8.31412,4.60645,-54.1926,38.03603,37.14379,-12.68883,-93.93892,14.09771,14.23229
2011-08-01,8.89483,6.78912,3.28536,-46.21474,32.50058,-4.01025,56.43371,22.04995,6.09151,10.65371,1.45322,-0.64307,3.16593,-50.90428,14.24142,50.43531,-8.54982,-93.65635,12.37226,12.56372
2011-09-01,6.12005,3.41292,6.63946,-22.47118,14.59716,-3.38354,59.498,13.41249,4.8347,2.56722,3.77201,3.08683,9.97047,-33.68732,11.46928,41.64386,2.45735,-91.12198,12.57983,11.67896
2011-10-01,0.99867,8.42109,9.54081,-10.0361,4.67106,-0.29064,66.20624,15.88707,-0.91582,12.20858,7.06975,-17.29924,6.58132,-22.04895,12.73425,40.12235,4.80302,-90.48744,8.365,10.48757
2011-11-01,9.49792,2.87988,13.83642,-8.45241,14.54583,7.3438,55.90081,11.15109,-2.1446,5.64998,5.36292,-4.50316,7.24282,-36.40281,26.64169,34.31981,5.93316,-90.16257,20.87004,10.15015
2011-12-01,-2.2522,4.87745,10.03208,-2.7572,15.3256,0.9059,58.49916,-1.29733,-20.14921,15.56163,3.83612,-15.46027,1.01561,-37.95666,35.48769,38.57688,7.81293,-107.33496,13.61172,9.6079
2012-01-01,3.66687,3.94141,6.57901,11.07998,17.56053,-0.22785,65.11011,11.39056,-5.58801,12.62212,3.79685,-2.46721,1.21151,-39.8605,20.41661,34.92167,5.00451,-97.58895,12.72904,7.56582
2012-02-01,11.70103,8.372,14.37839,21.37668,12.08927,7.39461,72.98192,20.09069,-5.51715,-14.36874,7.59266,-12.12947,6.04847,-49.75272,31.67245,35.54102,9.91269,-94.27005,10.40708,6.98802
2012-03-01,11.26936,8.68857,22.74619,7.10208,8.51833,5.0765,66.51154,16.29833,-15.12159,11.86952,3.98993,-4.88707,5.99232,-9.6506,-6.30488,30.55902,-0.68262,-73.61815,11.37536,2.86983
2012-04-01,9.29823,14.18258,14.3121,6.38034,5.571,3.56616,69.44111,13.8609,-4.43481,6.965,4.46671,-16.1436,8.23533,-39.6723,6.90536,33.21147,16.23308,-96.96729,11.27889,2.8909
2012-05-01,-6.47307,10.01649,12.65717,-6.06431,3.30291,4.04037,73.81,13.93473,7.27941,8.42578,-2.06137,-14.73903,-4.21732,-32.17479,-3.8522,21.97547,12.27177,-95.02212,8.51664,-1.28483
2012-06-01,-2.32732,0.8667,0.89035,21.25157,-8.7198,0.84748,70.04842,10.84014,-34.60625,6.07843,0.393,-14.86135,6.30592,-36.24901,4.72253,23.07908,10.30119,-96.49927,12.61671,-2.23154
2012-07-01,-3.91794,8.32428,-1.47087,-1.07333,-9.53812,-1.95744,58.84193,1.75747,-18.88934,4.74706,-2.28704,-7.19127,6.03065,-31.34466,6.62377,14.39702,13.45333,-93.11782,19.78884,-6.55583
2012-08-01,-6.53481,0.75346,5.26663,13.72285,-6.23148,-2.73213,34.36205,4.01868,-20.72025,7.69902,-8.35993,-31.54364,4.36216,-50.26822,10.41841,4.27558,14.19712,-93.95321,6.57618,-12.36168
2012-09-01,-7.61271,5.99057,10.64829,-3.75402,3.84962,0.73254,44.92752,7.64389,-2.9152,15.41475,-12.18102,-30.04094,9.17601,-47.92147,-6.26539,-0.54486,10.13918,-85.75907,9.99278,-8.91952
2012-10-01,-2.78572,0.41332,4.31191,0.63821,-7.21724,-1.31546,49.14909,6.42758,32.51524,0.24177,-7.0371,-17.81649,12.90483,-63.60995,3.91093,-11.21519,14.54463,-82.49066,11.69762,-13.32253
2012-11-01,-5.6225,5.79234,4.76854,5.19854,-5.81551,-5.06587,51.88137,6.62276,10.69428,10.69328,-3.83743,-22.12432,12.13598,-51.52329,-5.57044,-10.44413,7.43404,-88.92069,-0.47762,-10.78166
2012-12-01,-1.87625,-1.39607,3.70063,7.34796,0.27662,10.40417,46.3971,-5.02414,8.12899,13.00076,-3.70559,-8.05565,18.33201,-25.19568,-10.25141,-11.96518,4.48691,-61.25176,3.37835,-10.41419
2013-01-01,0.46313,11.43689,6.85353,-0.53859,-0.68046,-2.3525,47.56942,9.16349,25.76673,1.8402,0.16673,11.70361,17.22068,-48.2947,0.35422,-15.68962,6.61529,-90.74141,6.04787,-6.64371
2013-02-01,-0.28464,8.80573,2.27261,0.45192,15.45081,1.95597,38.50307,7.4721,24.5151,4.8089,0.63782,-1.32466,17.57034,-44.99671,-8.27775,-4.71746,10.31644,-83.883,18.89738,-10.28302
2013-03-01,0.71728,2.43408,3.9589,-15.69029,-3.4311,0.66024,40.14906,19.70991,20.20529,0.93102,3.1991,-1.38987,18.86278,-65.18439,-25.81491,-14.93805,10.70832,-74.16581,9.11544,-4.19643
2013-04-01,-0.35376,4.00514,7.47082,-1.36304,-5.64082,-3.19817,41.72297,6.91969,12.99618,7.49573,-2.14574,-4.32842,7.73597,-61.7373,-30.44815,-12.14378,15.45244,-91.8281,5.90824,-11.3299
2013-05-01,-4.68727,-1.91441,-0.06457,-13.74774,-18.42172,-4.6999,39.56284,8.73165,-1.94084,9.12696,-5.68292,-4.43161,17.61532,-60.78759,4.79318,1.09164,9.57454,-92.78251,3.33712,-8.38541
2013-06-01,-7.51482,-0.0616,16.72639,-20.78438,1.92605,-6.40773,34.30932,7.11589,5.95871,-2.92422,-0.41251,-5.39487,20.06824,-60.61637,19.52494,-9.3824,16.91704,-86.0738,4.47625,-9.24923
2013-07-01,-2.22851,5.86258,2.44795,-16.30971,12.00384,-1.94902,44.86139,-6.59782,-0.77455,-5.0734,-0.08693,-12.0484,19.56069,-41.07629,-6.53471,-10.38861,19.49991,-84.81552,9.53067,-9.29903
2013-08-01,-4.27248,3.048,-1.28968,8.21374,23.51088,2.69123,46.08487,9.92579,-9.50455,7.37029,8.84976,2.95937,22.52373,-42.46082,3.63226,-13.40784,8.08855,-80.91178,9.96734,-5.29028
2013-09-01,-2.81402,6.55138,-2.80959,8.63839,3.69837,-3.04281,44.5608,13.36271,-3.23115,17.64127,6.65195,14.77489,18.2509,-67.03309,21.51185,-6.0177,-0.18285,-72.99172,2.28946,-6.64823
2013-10-01,2.35857,15.44136,0.23296,3.10284,10.71771,0.92784,37.77696,12.43838,2.49576,12.16876,6.68126,12.07598,19.93799,-66.46757,33.27597,-5.71637,7.20006,-74.05193,3.22695,-4.02753
2013-11-01,-2.48437,13.09719,-1.295,4.03261,19.74594,2.04049,29.90845,18.44434,18.20405,30.11701,7.90369,18.41378,24.36733,-51.47188,11.1975,3.2262,3.96866,-88.52417,-2.91527,-3.83912
2013-12-01,-0.42665,15.73121,4.27809,-5.01544,8.46081,-5.53065,17.62512,18.63321,28.47584,17.48771,12.80746,13.88857,19.42432,-62.57223,22.25831,2.87693,2.26043,-71.56868,1.74414,-4.44308
2014-01-01,-3.90817,21.45782,3.29443,6.19736,5.22398,3.94052,13.53574,17.96647,21.71102,-1.83634,11.52771,11.72926,23.07221,-54.10774,14.1609,1.47621,-0.02504,-62.56642,0.50639,-13.76646
2014-02-01,-5.3756,14.69793,8.23075,-12.79411,-0.54317,-1.02306,5.78596,14.4438,27.39275,28.04852,12.7957,6.28572,26.04723,-38.80979,16.74903,5.51694,3.74061,-78.38408,-5.4168,-9.57227
2014-03-01,-3.22046,-1.37783,3.80701,-1.72795,24.19017,9.02904,4.80512,9.12938,23.30299,23.5411,14.54917,-2.81531,16.89224,-59.50977,20.19762,6.33707,5.14522,-65.578,-4.26515,-9.33213
2014-04-01,-6.53595,9.68203,-2.87416,-5.85259,8.32765,7.59307,-1.28943,13.198,29.53654,23.89413,18.36684,3.93617,17.24032,-30.8765,13.43014,-1.13295,5.78636,-75.77328,-5.41669,-11.46343
2014-05-01,-0.74395,9.84114,0.13408,-7.20099,6.28,3.51729,-17.19917,5.8295,7.8444,8.48017,15.66606,2.23784,18.51965,-79.7869,8.61875,1.73573,-0.27108,-60.59622,-6.88261,-10.39674
2014-06-01,3.26396,7.88751,2.68252,0.45105,8.41818,4.47827,-9.51011,5.05455,31.04725,19.07161,8.84997,8.70432,15.37353,-46.66145,-16.59325,-5.16134,5.72791,-56.14173,-4.81272,-11.36868
2014-07-01,-0.63091,-3.80891,11.92001,-3.49729,8.08812,4.09631,-20.0475,11.93926,35.38347,33.975,11.97564,7.03399,20.04798,-81.32157,0.17145,3.07773,-4.58199,-55.80085,-5.49995,-12.99511
2014-08-01,6.04155,3.84077,7.38643,-20.93215,5.31093,0.9318,-10.05591,-1.14658,29.44622,6.20112,0.06844,5.87957,18.27647,-56.63122,-12.0455,-2.20911,0.01369,-52.32731,-5.61504,-16.22631
2014-09-01,3.9031,-0.25781,8.20662,-12.54551,6.95498,2.18628,-5.40665,21.71833,32.87969,5.6359,3.43998,-4.47678,13.78133,-49.34212,-27.90676,-2.2894,7.60004,-77.72195,-6.5387,-17.41821
2014-10-01,-3.22607,-1.71971,-0.20521,0.26864,-7.07161,5.006,-10.56682,1.99034,12.96178,27.43952,6.22982,-8.2861,9.14037,-68.17581,-29.90841,-7.17301,1.8419,-89.76172,-2.01197,-15.74101
2014-11-01,-14.5681,2.5587,3.20376,-16.73099,0.47603,-3.493,-9.22872,6.96981,2.5339,8.52095,5.73116,-11.42091,13.1737,-69.25461,-26.71704,-11.04012,1.37302,-81.55817,-7.5544,-15.85075
2014-12-01,-2.45492,-0.75949,1.14324,-18.06344,0.26494,-8.06785,-6.01216,3.39487,0.9518,-0.22147,5.14033,-20.00372,28.38044,-59.94085,-26.41189,-7.46641,12.06882,-93.46697,-8.85923,-21.57708
2015-01-01,-3.25549,-11.94216,8.4118,-24.86512,0.15572,-9.10708,-5.37919,3.37297,-17.34013,-1.33794,6.10701,2.55552,7.8945,-80.0352,-33.04603,-8.70969,8.32295,-65.07954,-3.01857,-17.72983
2015-02-01,-9.22027,-4.8093,0.38607,-20.64619,6.84842,-4.60105,-14.74498,11.46763,12.39703,-1.20622,8.8557,-0.37931,15.12306,-78.88241,-30.10752,-11.02618,4.02944,-76.7671,3.23838,-14.02254
2015-03-01,-5.37889,-0.35274,5.96748,-5.10441,1.26964,-9.98195,-23.20867,20.12422,-6.98549,-9.01641,12.94442,4.5974,18.77283,-61.99882,-2.79548,-13.15339,6.75203,-103.52176,-0.58072,-12.4677
2015-04-01,3.25619,-0.36909,18.45938,-10.20024,6.24026,-7.37507,-15.52783,12.19598,-5.02048,-0.87283,7.03138,9.377,28.50824,-53.82882,-13.71937,-18.19524,7.07571,-98.88857,-0.67428,-14.52336
2015-05-01,1.8413,-1.03192,15.51829,9.87688,6.35401,-2.56673,-3.68529,7.83177,17.75502,8.72374,12.04865,4.86406,25.76541,-59.20963,-8.76079,-12.30983,-1.09897,-96.44314,-1.36865,-9.48945
2015-06-01,-3.09677,5.20921,14.86227,6.80302,14.01021,-1.88063,-16.19744,14.82274,-15.72343,-21.25965,15.15039,-2.49558,10.61602,-61.42445,-0.42029,-20.28105,8.52719,-83.80252,0.86772,-17.36234
2015-07-01,-9.09976,0.58749,12.44107,11.59365,7.59373,-1.51527,-0.912,16.87502,11.31591,48.25689,15.84537,-1.48393,20.58588,-67.18482,10.08794,-20.70113,4.38324,-91.30532,-6.424,-13.67237
2015-08-01,-0.11993,7.12444,16.46342,35.84747,6.14247,-5.11664,-7.4639,24.85011,18.58861,4.23038,7.49335,9.27196,16.86532,-69.28859,8.31973,-10.16824,14.90744,-84.37266,-0.1321,-10.20764
2015-09-01,-3.96935,8.96855,8.85134,-5.80431,1.10622,0.01301,-23.20347,18.61579,13.07476,7.91969,10.98965,-6.82979,14.70753,-76.50497,20.85622,-15.47238,-1.60694,-87.06591,2.69497,-15.13554
2015-10-01,4.27236,6.75846,14.875,2.45042,10.54327,-1.07358,-3.32581,17.82775,17.9934,10.71803,5.79707,-3.79171,22.44374,-56.76314,13.44908,-10.64166,-3.34971,-83.91764,4.59488,-16.49377
2015-11-01,-2.69192,-0.93841,19.0425,22.13044,6.53078,-0.70848,-9.55927,6.74974,13.86563,0.99264,13.47639,-4.131,18.68871,-76.57512,35.34607,-19.5273,5.43541,-82.8672,-3.87204,-18.86319
2015-12-01,-2.44069,4.86227,-0.09683,25.46337,9.37711,2.45699,19.50712,7.15211,-1.22706,-6.60327,12.5451,-4.87976,17.42144,-82.00738,23.25837,-21.66735,1.15855,-85.05656,-4.80711,-16.75602
2016-01-01,-8.74508,0.01087,7.86766,-9.52417,13.07914,3.85603,-23.01195,9.0305,-0.98135,8.23504,4.69728,-10.01544,21.18804,-54.14498,27.16516,-21.22321,-0.5069,-83.16902,-0.47722,-20.71553
2016-02-01,-4.21718,-3.65039,12.9949,24.92409,-5.30998,-13.20262,-21.06173,2.81732,-7.66303,-1.13342,5.97291,-1.38512,14.10571,-78.48777,46.23002,-32.03633,3.31464,-79.17316,1.12523,-22.4067
2016-03-01,-7.47633,-3.92603,20.25358,20.32261,1.28417,-6.27993,7.92889,7.03107,-30.66954,11.19732,14.23678,0.20524,18.96001,-52.64413,28.57704,-32.09373,9.42236,-103.16252,-3.98124,-23.78245
2016-04-01,-5.18653,-4.63278,0.50589,19.1856,4.39651,-6.61354,-32.75679,10.01502,-0.00083,10.74228,12.98745,-5.27865,14.7918,-77.59147,24.16176,-27.26679,9.30914,-74.90444,-7.01976,-17.40654
2016-05-01,0.6352,1.33563,7.25883,-4.61449,1.48251,0.6914,-44.6423,10.73043,10.32493,17.49268,12.25747,-14.12854,10.73689,-56.41801,13.57072,-34.49592,1.29874,-74.38269,-10.00217,-19.68587
2016-06-01,4.92744,-6.32135,-14.72926,-9.61033,-1.21192,-1.25237,-37.98149,5.86047,0.37135,27.53546,7.40059,-13.64645,14.04957,-58.921,24.20878,-26.02055,-5.03264,-98.23339,3.62021,-18.27705
2016-07-01,8.60687,1.78284,-1.61798,8.19994,12.77835,-0.67286,-43.57206,9.08939,-1.33266,3.96359,7.92663,-12.86631,12.40004,-58.124,10.91876,-28.67549,-1.39258,-90.64572,-6.26774,-18.3215
2016-08-01,0.92202,-3.2044,2.85291,-17.67633,2.50188,-0.71116,-44.495,3.11423,11.97378,28.47795,9.71535,-15.4565,17.53341,-64.88015,15.26857,-25.84075,4.70551,-91.0671,5.2968,-16.16028
2016-09-01,-2.3332,-0.39817,4.10702,-8.4049,12.43213,-2.1317,-44.1034,0.81108,-15.26338,9.2826,10.43276,-9.3544,27.36555,-59.4555,5.95882,-29.73789,6.22561,-86.64629,-1.19031,-15.81667
2016-10-01,1.60671,-0.75451,5.54001,-15.68504,11.56878,-3.9018,-46.06371,-0.90076,-6.28576,-0.56095,14.40169,6.46026,25.48714,-47.48558,6.42411,-23.81096,-1.44443,-84.45642,-0.47354,-17.31924
2016-11-01,7.43667,1.6423,3.53206,-18.96568,8.39979,7.09827,-40.12261,17.53082,2.86886,20.78746,14.22255,4.60833,26.59673,-46.93499,-6.8873,-24.33762,3.41906,-73.78505,-0.42726,-12.85257
2016-12-01,4.0218,-16.8218,10.95394,-6.2668,8.58911,-0.62212,-60.73875,20.8028,23.86261,47.45782,17.91787,5.2281,20.97034,-46.15803,2.11178,-27.28841,0.11769,-75.44696,5.47857,-9.00365
2017-01-01,17.98142,5.49616,-1.28472,-0.73021,11.89675,2.74871,-42.54378,23.22184,17.34386,18.95173,23.47769,-1.96097,22.20666,-27.17544,3.98968,-17.93915,1.83588,-79.37744,1.73882,-4.7094
2017-02-01,9.06472,10.12087,17.05258,7.34431,17.12042,7.60947,7.54514,29.79228,-2.26149,25.72624,23.92112,6.40842,25.09077,-26.91461,-0.54744,-15.63181,-1.50545,-91.96898,-0.80295,-4.84284
2017-03-01,5.9961,-2.00961,20.6619,-5.07539,26.05033,20.38849,-4.83771,25.48852,-6.69437,32.68904,15.74996,4.04344,25.15688,-32.61507,-5.90278,-9.49467,-6.90392,-73.14778,-3.18335,-0.04684
2017-04-01,26.44384,0.78098,30.39746,6.39786,26.97327,24.95114,37.82809,28.17894,-0.18968,2.20755,12.9575,7.68169,24.97099,-17.04195,13.05106,-2.31262,-7.32654,-69.40554,8.38118,3.6973
2017-05-01,10.89284,3.25789,7.97562,9.59922,35.42629,12.41792,36.67626,35.91992,7.01287,8.59467,12.52724,13.44452,18.2386,-1.9853,19.85857,-8.2674,-3.46375,-102.63997,-3.67743,7.11334
2017-06-01,11.94492,6.64012,11.84207,16.55934,28.17455,7.07148,46.27067,35.86131,-2.60377,-7.99001,7.48585,28.62742,34.03642,-33.20883,16.86726,8.40184,0.37701,-90.33794,-4.65233,14.97443
2017-07-01,8.54205,3.93348,2.50734,13.90259,35.91726,11.4692,42.86922,31.38913,-5.01512,33.41712,10.03697,28.94741,32.64529,-22.1306,10.89272,12.91796,-2.19141,-85.47766,4.00076,14.89957
2017-08-01,0.76045,7.92653,-0.02962,6.37258,37.85111,9.86987,23.98195,34.21035,46.29514,0.84113,12.79956,8.75421,31.15295,-13.35683,3.68327,14.80663,-3.28119,-85.37064,-6.17276,13.99669
2017-09-01,21.93984,5.19433,22.18867,7.50286,36.70853,9.60167,44.55453,34.0838,23.14848,9.74251,16.68753,35.40344,29.54774,-8.54602,6.76903,16.74732,-8.19088,-89.60531,-2.33793,22.45933
2017-10-01,20.63448,2.34344,12.03015,12.39384,46.46005,10.41479,45.62323,37.34842,14.21302,12.36837,19.08013,16.03663,21.21042,-15.10613,9.87917,9.75097,-10.20204,-87.87494,-3.3002,25.83368
2017-11-01,20.15522,19.57634,6.06741,7.61456,50.12997,11.55177,56.6714,36.32547,25.02162,-4.73057,15.03906,23.10379,20.05337,-19.82097,14.06657,35.48889,-17.76271,-79.69131,-3.06786,25.05283
2017-12-01,20.94805,2.36064,12.77451,16.31261,36.88003,10.38061,53.05333,38.64668,16.84285,19.90683,15.34005,24.77625,23.56373,-6.18868,18.9083,29.39997,-10.89969,-78.90588,-22.16155,25.7908
2018-01-01,26.08659,0.23537,3.58918,2.7562,53.96081,12.13561,64.81526,27.6886,6.5239,-0.20107,15.25626,14.98065,22.83621,-35.49086,17.50205,29.04578,-11.84199,-78.25565,-29.3053,32.21209
2018-02-01,26.33603,5.91021,6.9944,1.58417,50.50219,12.9394,58.7352,27.37429,6.10266,16.49935,12.2277,17.29434,24.37299,-10.81955,-5.66867,33.12119,-12.17071,-93.27754,-9.42298,27.83676
2018-03-01,19.82711,5.35129,5.8462,-1.60013,50.5448,5.39896,58.18472,31.83731,13.22398,2.84088,15.16362,21.31564,28.06511,-45.35656,3.66195,36.0432,-9.61388,-67.64894,-11.59981,25.68832
2018-04-01,15.30023,1.60693,4.96621,-16.5448,44.28861,6.71631,57.22332,23.98089,-3.0396,20.32736,25.89438,-4.45026,30.27,-48.80486,-12.76366,40.38237,-18.71898,-69.58752,-11.32337,28.79609
2018-05-01,13.09778,0.14563,15.55849,14.38081,44.96151,0.79525,55.49231,26.77268,-1.30338,8.01458,18.84122,13.88989,33.37165,-48.11251,22.06239,45.45859,-7.35304,-65.18027,8.91203,26.02763
2018-06-01,16.0788,1.44091,14.01831,4.59776,49.987,7.41436,50.56279,29.51598,-3.87522,29.73703,16.36392,-2.56016,31.63549,-55.20237,-9.31772,49.31918,-15.21176,-57.40729,-5.05787,21.20768
2018-07-01,25.41742,3.30919,13.19534,2.27205,40.56185,11.75418,59.98065,34.91998,-2.51667,22.28006,16.2133,2.35958,30.2436,-32.8195,-4.45008,42.17287,-10.07236,-76.40391,-8.35806,22.04956
2018-08-01,18.18822,-4.60197,17.55052,13.45021,47.72562,-0.01634,53.42192,27.24798,-4.14773,24.29705,9.47615,-0.33267,25.82695,-41.66571,19.30607,41.79337,-15.2386,-79.61584,-23.03597,24.20179
2018-09-01,26.90491,2.45716,5.71009,7.19133,43.15995,16.11597,46.87467,28.4642,-32.63918,7.65498,11.97974,3.69887,14.69229,-51.0585,21.96041,44.08331,-7.27884,-72.7038,-22.39667,22.62468
2018-10-01,24.64816,10.47598,4.60781,-6.01681,17.3521,17.8655,44.19761,25.38446,-48.00497,10.12944,8.93505,1.53744,29.75445,-39.09929,14.45364,41.54029,1.85265,-64.97363,-18.02036,16.91633
2018-11-01,26.57583,11.03407,16.0413,-24.38391,41.86678,13.21454,34.59443,14.2419,-23.45767,13.5797,10.81215,-10.23674,31.22492,-47.99045,12.19935,41.86125,-5.78166,-68.51092,-11.88202,15.03899
2018-12-01,26.52496,33.00856,6.42105,-39.32762,35.73385,19.86526,31.35168,27.72548,2.34697,9.45764,4.96985,-18.29767,34.49694,-24.76039,8.47035,43.68061,-8.10797,-77.88616,0.38364,11.4426
2019-01-01,13.56634,14.18259,7.52142,-27.64516,18.24281,7.77189,21.14288,20.89746,-7.43153,8.49498,6.29323,-19.92894,34.37214,-90.66152,29.90045,40.44908,4.80943,-70.36887,-4.67051,2.27502
2019-02-01,12.92876,3.22015,6.5182,-23.63394,17.88054,8.95295,16.1987,17.53428,-35.0119,1.68329,-3.61122,-24.77916,40.7616,-62.32636,33.19727,34.49032,-1.21815,-82.65027,-16.85878,4.56119
2019-03-01,18.3729,8.97873,2.13584,-10.93431,1.39951,1.11884,15.73983,13.20115,24.30577,2.85741,-1.24482,-29.83913,34.24004,-36.48011,32.01826,18.75957,-0.25414,-95.8728,-2.2266,2.51501
2019-04-01,11.67165,6.2994,4.89542,-12.99695,-5.39198,-19.03129,6.41178,20.30518,0.09832,8.3267,6.56442,-14.52947,34.91406,-34.77777,36.83871,-3.43283,-2.06358,-87.67963,-10.92631,-1.11471
2019-05-01,9.42041,4.71524,5.54649,-21.15373,8.87964,0.40706,6.93977,13.53782,-7.15315,9.09953,0.17077,-14.78302,35.37248,-42.32377,23.28759,-1.28195,9.46128,-90.22774,-10.4352,-7.96758
2019-06-01,5.34964,6.93555,16.68383,-20.09416,-7.83824,-6.61442,14.27519,6.9102,-36.0198,33.39376,-8.78662,-19.48083,25.93927,-15.64832,20.4451,-28.30595,8.4457,-94.79413,-6.20483,-8.63992
2019-07-01,-2.59041,6.75282,20.70674,-21.19522,-36.64015,-10.31346,-0.85889,-3.96428,13.17399,5.96943,-7.82549,-37.33731,27.71977,-37.63208,19.89581,-16.30418,14.84345,-85.85444,-10.71963,-13.93276
2019-08-01,2.62081,8.45357,14.58683,-17.46325,-28.86924,-7.69951,-1.72601,0.30708,1.18561,2.91368,4.93973,-28.96944,27.84213,-37.85576,2.79142,-17.00271,23.92035,-86.33008,-3.02298,-18.58103
2019-09-01,6.55415,-2.22527,19.68769,-24.04213,-10.90162,-6.80322,-0.4761,-1.08592,-24.57306,4.18093,-11.48596,-29.5007,26.31396,-51.69368,-1.12182,-26.96979,25.77475,-84.18781,-13.45509,-20.29524
2019-10-01,-2.68102,0.19549,13.11286,-24.36315,-15.07872,-8.59156,-2.19826,-4.66944,13.86858,1.8752,-2.28263,-27.99844,25.41061,-66.58118,24.19088,-35.16181,27.82888,-87.25167,-19.9495,-21.99955
2019-11-01,-2.39173,-5.03092,20.67135,11.54819,-27.0693,-10.39353,-3.71226,4.77786,23.66996,11.30983,-0.19919,-32.8554,22.12137,-51.22537,11.88982,-40.66572,17.42309,-94.64822,-6.51552,-25.04322
2019-12-01,-0.62226,-2.91242,14.96857,-14.68295,-9.44162,-11.48262,-10.2476,-12.27247,2.9597,-2.72979,-0.2487,-23.41274,24.32315,-64.1742,12.91133,-49.01283,35.54745,-40.6606,-9.23208,-23.77586
2020-01-01,4.3392,14.37499,18.23524,21.20096,-51.26006,-14.65559,-11.81839,-3.49872,-7.39636,14.27877,-8.48306,-19.02907,29.63832,-59.70463,-7.14441,-61.43939,8.67306,-111.66329,-8.82137,-25.6674
2020-02-01,5.70289,6.5478,19.52532,35.07076,-30.49481,-15.9636,-5.94286,-0.84406,9.57859,4.2093,0.44171,-31.76706,36.56528,-16.6312,7.35255,-61.78272,19.50412,-93.4595,-9.42431,-26.57061
2020-03-01,-3.30735,-1.31141,21.68271,-30.97492,-3.02297,-11.01839,-7.68895,-15.48529,-48.56098,3.27681,-31.75384,-39.94637,25.85491,-45.50126,1.06602,-71.43557,12.10067,-107.14461,-23.09937,-34.71771
2020-04-01,-27.46488,9.3139,29.80109,-68.99948,-6.70076,-13.61037,-4.58286,-60.47625,-94.81253,7.01992,-50.88848,-72.15538,0.98682,-65.28964,-33.93269,-71.8838,20.4637,-93.24363,-18.26946,-42.89076
2020-05-01,-19.94949,-1.36701,22.83145,-70.04613,-29.09017,-16.12562,-50.56455,-33.78678,-61.60298,10.0051,-26.58649,-57.97247,-9.19407,-93.61915,-18.14417,-82.09024,21.41696,-81.44033,5.17873,-49.04778
2020-06-01,-12.4202,-0.49547,17.0918,-59.51017,-48.14112,-6.50914,-20.37817,-22.81607,-7.83672,4.37578,-3.97172,-12.60647,3.643,-64.27226,19.46233,-87.63256,14.87121,-78.96691,4.93457,-55.51537
2020-07-01,-16.63583,-7.04517,25.03532,-0.49288,-46.09888,-6.51063,-24.12627,-8.35322,18.81144,7.50636,5.05186,9.9939,4.72503,-53.59237,63.9245,-80.24258,8.79084,-71.8198,4.71132,-52.93818
2020-08-01,-6.56413,0.79376,19.95386,12.76901,-40.8006,-0.43265,-8.51539,-1.09458,-38.4417,4.68185,-2.63007,22.65642,6.98035,-55.60066,55.37336,-78.75621,12.02053,-80.46158,-11.01101,-49.49295
2020-09-01,-13.13236,3.06923,17.79838,24.47629,-47.1916,-0.2883,8.57179,1.72454,18.56809,-1.22611,8.152,20.97833,15.07193,-11.91653,59.95567,-68.65222,14.16647,-81.1866,0.56898,-48.17392
2020-10-01,-5.05193,-1.66616,21.72415,45.13328,-34.55939,-1.86273,20.70912,3.98421,28.66565,1.16108,8.65709,16.72573,9.80849,-24.88113,61.49784,-62.0999,6.49688,-81.53383,10.8299,-40.01107
2020-11-01,-2.51343,7.73001,12.35078,31.9507,-27.31332,-1.68901,15.987,3.00932,-21.01316,-7.17184,0.79701,29.79511,13.25293,13.05202,67.04589,-42.76673,9.0212,-93.1691,8.99358,-34.04991
2020-12-01,7.90698,-0.95012,9.34656,38.92609,-10.47429,4.3739,40.29835,8.2616,-32.00491,-12.31464,0.75935,16.35094,13.08633,17.08946,51.4181,-51.55869,-0.93668,-88.55988,20.24381,-31.00676
2021-01-01,14.52175,2.3994,13.13958,20.39778,-4.772,-6.94116,42.28397,8.48217,-15.88801,-41.843,10.83315,24.47562,1.18013,-15.63943,29.83535,-42.57076,0.72602,-78.64723,2.9837,-25.48976
2021-02-01,31.76164,2.34155,10.67577,25.97293,17.37884,15.97242,58.50329,5.88277,-34.84001,8.5362,14.37142,26.32259,0.65734,-60.68187,48.88915,-17.7806,-16.94086,-85.7881,14.07122,-23.67903
2021-03-01,32.59935,16.96988,8.31885,5.02084,29.33443,25.70108,68.19196,48.56621,-4.90484,4.22029,22.56777,42.58856,2.63028,-84.49669,56.907,-0.05198,-24.5162,-77.23574,17.75422,-7.90527
2021-04-01,42.60146,21.34268,5.00918,50.50915,33.2032,38.308,70.58266,44.88284,32.73383,5.60929,19.45101,39.68497,9.14054,-28.27342,57.87594,11.0987,-27.19985,-55.86861,11.66838,4.33595
2021-05-01,61.34871,27.91166,-2.92713,28.17181,34.38186,41.985,67.79503,44.87328,39.56406,11.4172,28.51235,3.57091,0.68001,-23.33393,75.78002,20.13296,-33.60135,-50.50673,9.71804,19.7976
2021-06-01,63.61507,48.64342,-21.96545,42.41016,56.52325,40.33159,68.68248,45.40347,62.85393,10.6115,26.84424,13.26577,17.03066,-8.37569,57.32039,27.67997,-21.77696,-48.24064,12.15669,25.59087
2021-07-01,66.48521,37.13176,-29.09638,17.59531,62.30469,42.87958,79.6812,38.87337,47.3642,9.54187,18.00163,32.97691,19.28871,-28.77175,44.05672,28.65297,-35.29653,-39.2719,25.14611,27.05818
2021-08-01,66.76131,36.80563,3.63665,-17.97776,73.84133,45.33616,71.50227,42.73961,-38.5885,4.87514,19.89427,13.2146,16.97355,32.58269,23.56068,24.30697,-37.76558,-45.52065,27.92391,32.47757
2021-09-01,58.72032,50.30185,-8.5217,-0.71872,68.05399,42.65588,67.22098,49.00609,5.26448,11.18766,21.9912,22.92014,6.09118,-5.02494,20.63803,32.25437,-42.67609,-84.3406,36.50584,33.99105
2021-10-01,60.74843,48.96961,3.50331,0.87262,64.35569,35.76871,63.10107,47.38714,-1.40744,18.80056,7.63435,9.32608,14.74175,-4.4716,14.54233,40.21865,-41.59843,-87.79534,34.44853,33.02491
2021-11-01,61.09997,44.63335,-14.20784,0.43214,70.58387,48.3468,77.93354,23.96764,-16.19387,62.29475,20.90454,-10.38748,11.35397,-8.72874,16.73539,14.1144,-38.34551,-4.7111,46.74146,35.87444
2021-12-01,56.97767,60.57572,-6.42872,22.12123,62.09348,51.36759,73.92792,31.99728,19.48119,29.49334,4.66814,2.24382,0.83549,-7.07848,34.31866,39.31519,-33.34111,-31.8447,55.84017,37.87055
2022-01-01,60.24817,51.52724,0.85601,21.22581,58.31948,60.35708,83.99659,30.34728,25.20331,11.84301,2.22841,3.12818,7.18242,13.47643,52.4303,39.4807,-31.14722,-34.89118,72.63754,39.69222
2022-02-01,57.96406,60.80685,-12.61308,10.74825,53.30633,59.02621,68.45537,29.31769,19.17916,27.56529,14.22559,15.82827,8.55773,12.3204,43.59055,29.39905,-30.29276,-104.27423,48.66323,43.19191
2022-03-01,73.64859,68.03423,-8.91071,2.61058,50.5717,47.32741,61.91783,9.44759,22.43644,44.13122,-17.35378,-53.7925,6.37082,0.6404,32.64367,35.91023,-28.28513,-16.9409,46.60515,37.8914
2022-04-01,68.98358,67.5996,-13.83491,-1.7612,55.69023,64.39927,72.72235,1.28737,-21.99606,19.37256,-5.21026,-39.75706,-0.13522,23.27065,22.62487,23.17971,-26.00336,1.13443,68.4595,37.55673
2022-05-01,59.61227,63.80218,4.679,-5.86046,51.57295,61.79883,66.78466,11.46149,-27.71642,29.88395,-8.42521,-24.29223,6.41223,31.15675,11.2726,35.38907,-22.47341,-63.79645,57.52594,36.65061
2022-06-01,47.44645,55.368,11.79536,-12.61719,52.04106,74.6062,53.23024,10.11522,-24.57187,36.10093,-3.42532,-27.89458,5.93814,-10.73413,15.47631,35.32459,-22.66342,-70.16502,54.08865,39.70186
2022-07-01,33.78978,69.88832,7.44571,-23.15095,72.29327,62.21537,64.44034,14.71558,-64.70482,-11.63262,-12.89228,-41.42719,1.37891,-4.38242,10.77965,38.58105,-12.24528,-59.03643,44.79172,45.03211
2022-08-01,44.37004,72.20449,12.50024,-36.08479,56.2282,59.67493,83.62991,12.55359,-41.76058,31.64337,-6.55149,-42.00804,10.57607,-2.68389,17.4193,56.87425,-13.70706,-53.05063,57.64773,40.46705
2022-09-01,49.28001,61.46139,22.74635,-47.94461,51.3051,55.64781,84.17536,10.23185,-31.49533,48.61358,-10.075,-50.33205,2.53313,-35.66739,28.85251,41.50769,-7.54913,6.67071,62.53169,44.19111
2022-10-01,52.6362,70.15543,13.08907,-48.66038,45.88056,51.01273,74.64358,6.64131,-28.9677,100.28754,-16.29455,-44.719,-1.02723,-22.61614,-3.61388,36.31688,-11.50731,23.54541,42.90412,41.99352
2022-11-01,43.61676,49.41352,21.83299,-64.37008,40.47749,52.11879,72.32358,16.01849,-51.55766,27.82772,-14.98538,-32.4576,-2.18493,-21.39835,15.5709,40.09259,1.21481,-7.96447,44.5442,39.87076
2022-12-01,29.44291,48.95356,28.12412,-53.28656,35.35573,45.64141,71.75641,13.65862,-62.98719,-36.43271,1.50035,-26.23397,6.44663,-15.40033,12.80282,41.70829,-3.66027,-13.01084,18.69084,35.7245
2023-01-01,20.7338,45.47292,12.57086,-67.95058,48.20253,34.72408,68.47118,17.99652,-19.04635,2.8588,-4.35109,-22.89462,0.52469,-54.49029,18.24014,39.15607,-1.88778,-5.49193,53.26454,33.83917
2023-02-01,21.13752,43.85527,27.8452,-51.10107,27.04783,23.23548,69.90804,13.56936,-3.49744,-14.93911,-8.92593,-11.61992,2.60202,-30.44021,5.83078,39.96224,4.34766,-0.70448,37.08348,31.09251
2023-03-01,17.65524,4.3289,38.47215,-37.28358,25.14618,15.1177,67.74228,17.41226,-72.23038,-24.87077,-0.4771,-16.47513,4.3875,-31.50423,3.29004,24.36621,15.97691,-18.67288,44.59626,27.67649
2023-04-01,25.2202,22.67482,38.39815,-32.30107,18.91685,6.66656,65.45236,16.52609,-0.04683,-12.31561,-0.76567,-16.8875,14.89513,-30.90385,2.08183,37.99157,6.95311,-61.25349,48.11746,19.78494
2023-05-01,18.17005,28.19884,25.63404,-29.79681,7.96807,9.56304,77.60965,7.28634,-44.96394,-29.17878,-13.4561,-34.79584,12.55957,-38.68603,12.87085,18.54138,2.80903,-85.74484,35.4627,13.47938
2023-06-01,12.76166,22.15158,32.24408,-20.77142,7.12501,-0.1989,67.01948,9.3489,-28.40822,-36.70316,-17.68151,-28.58435,25.30333,-32.89027,-32.30937,13.68248,16.27668,-6.33988,36.05911,7.8055
2023-07-01,11.36545,21.44061,22.80028,-46.95111,-10.42385,2.39066,70.93747,-3.42963,-65.24785,-31.75206,-14.77082,-43.90417,13.10396,-43.77519,0.44663,10.12829,-5.159,-71.52206,25.3091,6.02799
2023-08-01,4.08054,15.42754,19.72861,-21.06817,-24.30236,-0.06064,26.24151,-11.86477,-74.15053,-11.9335,-13.98032,-33.71154,0.74574,-52.0039,-19.05843,-3.24637,6.3269,-42.19739,29.36109,-6.53695
2023-09-01,3.9668,13.88209,2.57004,-3.41584,-25.27338,6.18334,44.94818,-17.57516,-6.98678,-11.15009,-18.02237,-34.16148,9.45451,-25.56572,-17.12667,-18.70031,2.52023,-59.35724,20.64769,-8.61913
2023-10-01,-5.15685,1.81823,22.76251,-7.71201,-22.74883,4.85208,47.5914,-15.14268,-59.60942,-16.97607,-17.28946,-31.63907,15.71489,-59.313,-12.41848,-21.32497,11.70972,-89.58444,33.1099,-9.01569
2023-11-01,5.74797,25.32987,38.72769,-2.02571,-37.39847,7.97748,30.46834,-5.40595,6.77648,-6.4389,-8.82002,-12.02281,15.49519,-78.85675,-18.88125,-23.38449,9.80945,-71.82709,28.55017,-19.18504
2023-12-01,11.4279,26.41604,12.2998,-17.3456,-30.61735,-9.32319,23.34054,-10.62917,9.92206,37.23989,-16.61332,-35.76681,13.47932,-67.6673,-28.0025,-41.32918,16.03006,-97.54108,21.51363,-15.35155
2024-01-01,9.58402,42.77373,21.077,-16.11717,-34.61555,14.11405,30.23767,-9.14772,-31.18901,28.27922,-10.97628,-46.54915,18.84547,-57.00353,-38.59072,-42.33558,15.4498,-100.35694,19.95265,-21.11278
2024-02-01,5.57773,8.89088,30.33706,26.10028,-43.16902,22.1594,-12.37759,-12.90128,-19.52426,4.71947,-6.06708,-42.70212,12.88297,-77.63837,-25.58186,-62.22792,34.03997,-93.40799,24.40427,-28.91007
2024-03-01,1.71155,15.07041,10.51879,-1.71693,-43.29757,15.37834,-14.44586,-7.37435,-24.98236,6.48921,-4.55504,-36.80299,36.45438,-68.72164,-25.44099,-53.73495,20.0808,-101.58402,27.63259,-23.51792
2024-04-01,-8.43005,9.20183,15.87356,-46.18018,-39.77873,-4.93181,-56.064,-5.51438,-5.6877,22.55343,-1.56968,-25.55966,5.78629,-93.67852,-19.93983,-62.35796,26.92111,-71.95825,18.65298,-26.03763
2024-05-01,-11.30351,13.08708,21.31159,-28.20258,-34.18712,6.76739,-32.7706,-1.14792,-27.35737,16.13032,1.4991,-25.46498,28.80641,-104.27958,-35.94686,-56.72189,30.08479,-72.7493,22.67566,-25.62172
2024-06-01,-1.74911,10.73136,10.73237,-48.46361,-50.31158,13.196,-38.12353,-10.39084,-49.8109,8.3988,-4.81857,-20.43836,8.54477,-84.72658,-25.59205,-59.70355,29.18699,-73.94444,20.04279,-27.18033
2024-07-01,-1.10006,4.40259,23.99825,4.17605,-42.815,8.62966,-49.37224,-7.36159,-33.05461,12.9862,-0.63234,-25.10889,4.99242,-65.33159,-34.97723,-65.14219,33.8072,-68.16789,28.69928,-33.97028
2024-08-01,-2.709,4.81445,26.53257,-30.5634,-49.52482,5.77064,-57.55462,-6.30903,-3.31939,3.71969,-5.48663,-31.31661,0.76537,-83.18906,-15.65242,-59.65292,32.40346,-87.65566,31.03536,-30.49355
2024-09-01,-2.09021,28.52604,18.28509,-22.65092,-41.31567,1.77348,-65.10236,-9.54757,-22.90274,-12.36045,-14.85447,-38.96279,10.6403,-91.42647,-33.95003,-57.58966,34.69415,-100.16307,9.77408,-36.55061
2024-10-01,3.61672,5.98491,14.97734,-26.71761,-57.42397,7.74723,-65.81857,-13.10921,-38.22493,0.35816,-8.24866,-26.29761,1.14802,-68.77914,-27.28884,-67.47254,38.6685,-91.24836,44.26071,-39.0026
2024-11-01,-5.44894,22.69063,24.34705,-12.58742,-44.39488,4.14661,-65.96064,-24.76929,-41.53245,-6.38343,-7.7221,-40.90718,4.12304,-87.21428,-65.34414,-67.75376,38.758,-107.80846,10.49223,-39.23025
2024-12-01,1.25682,10.07926,29.52847,-28.0596,-64.7861,5.09483,-72.08962,-20.76673,-50.6998,21.05778,-8.70656,-44.33536,6.50367,-91.58245,-30.28276,-66.41067,36.57125,-107.14886,28.49336,-41.40155
2025-01-01,6.28762,23.13638,19.64931,-10.19355,-72.01247,-0.18729,-65.63761,-28.81647,-42.67253,14.03867,-13.64655,-43.19496,5.56104,-63.90631,-32.67386,-74.10943,23.89535,-110.4627,20.63707,-42.06464
2025-02-01,2.92956,28.15602,12.34003,-21.32457,-52.77751,10.76993,-50.7567,-8.90299,-19.93387,20.77966,-4.22443,-36.39745,8.89758,-56.56056,-40.995,-67.45982,24.74483,-40.91551,18.6551,-39.93405
