block,model,config_id,rmse,n_oos,train_end,oos_start,oos_end
block1,elastic_net_without_target_700,1,2.334243544346356,20,180,181,200
block1,elastic_net_without_target_700,2,1.966319758668081,20,180,181,200
block1,elastic_net_without_target_700,3,1.9151306133816344,20,180,181,200
block1,elastic_net_without_target_700,4,1.7201311729675053,20,180,181,200
block1,elastic_net_without_target_700,5,1.2949425293167158,20,180,181,200
block1,elastic_net_without_target_700,6,1.0494564836763234,20,180,181,200
block1,elastic_net_without_target_700,7,1.0110388180234031,20,180,181,200
block1,elastic_net_without_target_700,8,2.066980824107968,20,180,181,200
block1,elastic_net_without_target_700,9,1.9426819681753105,20,180,181,200
block1,elastic_net_without_target_700,10,1.8521359438110911,20,180,181,200
block1,elastic_net_without_target_700,11,1.4968243834058557,20,180,181,200
block1,elastic_net_without_target_700,12,1.0293186300031438,20,180,181,200
block1,elastic_net_without_target_700,13,1.0938120688922108,20,180,181,200
block1,elastic_net_without_target_700,14,1.0938120688922108,20,180,181,200
block1,elastic_net_without_target_700,15,1.9983866259244805,20,180,181,200
block1,elastic_net_without_target_700,16,1.901846026540617,20,180,181,200
block1,elastic_net_without_target_700,17,1.7669382484430376,20,180,181,200
block1,elastic_net_without_target_700,18,1.42423440983121,20,180,181,200
block1,elastic_net_without_target_700,19,1.0938120688922108,20,180,181,200
block1,elastic_net_without_target_700,20,1.0938120688922108,20,180,181,200
block1,elastic_net_without_target_700,21,1.0938120688922108,20,180,181,200
block1,elastic_net_without_target_700,22,1.9920557519861568,20,180,181,200
block1,elastic_net_without_target_700,23,1.9588719383861757,20,180,181,200
block1,elastic_net_without_target_700,24,1.7194201010503891,20,180,181,200
block1,elastic_net_without_target_700,25,1.373938885229231,20,180,181,200
block1,elastic_net_without_target_700,26,1.0938120688922108,20,180,181,200
block1,elastic_net_without_target_700,27,1.0938120688922108,20,180,181,200
block1,elastic_net_without_target_700,28,1.0938120688922108,20,180,181,200
block1,elastic_net_without_target_700,29,1.9745142175956452,20,180,181,200
block1,elastic_net_without_target_700,30,1.9514347895978976,20,180,181,200
block1,elastic_net_without_target_700,31,1.688051658260504,20,180,181,200
block1,elastic_net_without_target_700,32,1.282401890250377,20,180,181,200
block1,elastic_net_without_target_700,33,1.0938120688922108,20,180,181,200
block1,elastic_net_without_target_700,34,1.0938120688922108,20,180,181,200
block1,elastic_net_without_target_700,35,1.0938120688922108,20,180,181,200
block1,elastic_net_without_target_700,36,2.357272465843532,20,180,181,200
block1,elastic_net_without_target_700,37,1.9595019441027333,20,180,181,200
block1,elastic_net_without_target_700,38,1.9027260667573709,20,180,181,200
block1,elastic_net_without_target_700,39,1.6592211114835262,20,180,181,200
block1,elastic_net_without_target_700,40,1.213935081135716,20,180,181,200
block1,elastic_net_without_target_700,41,1.0329726837577389,20,180,181,200
block1,elastic_net_without_target_700,42,1.0091946274185335,20,180,181,200
block1,elastic_net_without_target_700,43,2.0713663289349684,20,180,181,200
block1,elastic_net_without_target_700,44,1.92808512514366,20,180,181,200
block1,elastic_net_without_target_700,45,1.815000613904769,20,180,181,200
block1,elastic_net_without_target_700,46,1.4970372766919893,20,180,181,200
block1,elastic_net_without_target_700,47,1.022298505627834,20,180,181,200
block1,elastic_net_without_target_700,48,1.0767655669666252,20,180,181,200
block1,elastic_net_without_target_700,49,1.0767655669666252,20,180,181,200
block1,elastic_net_without_target_700,50,2.046431717235507,20,180,181,200
block1,elastic_net_without_target_700,51,1.88193247125986,20,180,181,200
block1,elastic_net_without_target_700,52,1.72654335361013,20,180,181,200
block1,elastic_net_without_target_700,53,1.3619594047155466,20,180,181,200
block1,elastic_net_without_target_700,54,1.0767655669666252,20,180,181,200
block1,elastic_net_without_target_700,55,1.0767655669666252,20,180,181,200
block1,elastic_net_without_target_700,56,1.0767655669666252,20,180,181,200
block1,elastic_net_without_target_700,57,2.040032183710536,20,180,181,200
block1,elastic_net_without_target_700,58,1.924780629441266,20,180,181,200
block1,elastic_net_without_target_700,59,1.683578953578369,20,180,181,200
block1,elastic_net_without_target_700,60,1.307249291560166,20,180,181,200
block1,elastic_net_without_target_700,61,1.0767655669666252,20,180,181,200
block1,elastic_net_without_target_700,62,1.0767655669666252,20,180,181,200
block1,elastic_net_without_target_700,63,1.0767655669666252,20,180,181,200
block1,elastic_net_without_target_700,64,2.017272380958922,20,180,181,200
block1,elastic_net_without_target_700,65,1.8860517633590896,20,180,181,200
block1,elastic_net_without_target_700,66,1.7075361737146493,20,180,181,200
block1,elastic_net_without_target_700,67,1.2405359997168972,20,180,181,200
block1,elastic_net_without_target_700,68,1.0767655669666252,20,180,181,200
block1,elastic_net_without_target_700,69,1.0767655669666252,20,180,181,200
block1,elastic_net_without_target_700,70,1.0767655669666252,20,180,181,200
block1,elastic_net_without_target_700,71,1.1243883600482414,20,180,181,200
block1,elastic_net_without_target_700,72,1.1242440236194948,20,180,181,200
block1,elastic_net_without_target_700,73,1.1228252080958845,20,180,181,200
block1,elastic_net_without_target_700,74,1.1107932252818669,20,180,181,200
block1,elastic_net_without_target_700,75,1.0756323469115483,20,180,181,200
block1,elastic_net_without_target_700,76,1.085513420848485,20,180,181,200
block1,elastic_net_without_target_700,77,1.0928036190931547,20,180,181,200
block1,elastic_net_without_target_700,78,1.1243753390374984,20,180,181,200
block1,elastic_net_without_target_700,79,1.1241132984138178,20,180,181,200
block1,elastic_net_without_target_700,80,1.1212869407526809,20,180,181,200
block1,elastic_net_without_target_700,81,1.0957363893274918,20,180,181,200
block1,elastic_net_without_target_700,82,1.067859197659771,20,180,181,200
block1,elastic_net_without_target_700,83,1.0938120688922108,20,180,181,200
block1,elastic_net_without_target_700,84,1.0938120688922108,20,180,181,200
block1,elastic_net_without_target_700,85,1.1243623221975534,20,180,181,200
block1,elastic_net_without_target_700,86,1.1239821561984396,20,180,181,200
block1,elastic_net_without_target_700,87,1.119333421804254,20,180,181,200
block1,elastic_net_without_target_700,88,1.089161018596965,20,180,181,200
block1,elastic_net_without_target_700,89,1.0938120688922108,20,180,181,200
block1,elastic_net_without_target_700,90,1.0938120688922108,20,180,181,200
block1,elastic_net_without_target_700,91,1.0938120688922108,20,180,181,200
block1,elastic_net_without_target_700,92,1.1243493095292485,20,180,181,200
block1,elastic_net_without_target_700,93,1.1238514943272866,20,180,181,200
block1,elastic_net_without_target_700,94,1.11739834341418,20,180,181,200
block1,elastic_net_without_target_700,95,1.0793618398595275,20,180,181,200
block1,elastic_net_without_target_700,96,1.0938120688922108,20,180,181,200
block1,elastic_net_without_target_700,97,1.0938120688922108,20,180,181,200
block1,elastic_net_without_target_700,98,1.0938120688922108,20,180,181,200
block1,elastic_net_without_target_700,99,1.1243363010334246,20,180,181,200
block1,elastic_net_without_target_700,100,1.1237213137607591,20,180,181,200
block1,elastic_net_without_target_700,101,1.1154822039347014,20,180,181,200
block1,elastic_net_without_target_700,102,1.0636762046166683,20,180,181,200
block1,elastic_net_without_target_700,103,1.0938120688922108,20,180,181,200
block1,elastic_net_without_target_700,104,1.0938120688922108,20,180,181,200
block1,elastic_net_without_target_700,105,1.0938120688922108,20,180,181,200
block1,elastic_net_without_target_700,106,1.104874256815543,20,180,181,200
block1,elastic_net_without_target_700,107,1.1047977526315362,20,180,181,200
block1,elastic_net_without_target_700,108,1.1040413142752217,20,180,181,200
block1,elastic_net_without_target_700,109,1.097242167278267,20,180,181,200
block1,elastic_net_without_target_700,110,1.068419000141622,20,180,181,200
block1,elastic_net_without_target_700,111,1.068607088101905,20,180,181,200
block1,elastic_net_without_target_700,112,1.0756690082859683,20,180,181,200
block1,elastic_net_without_target_700,113,1.1048417381039786,20,180,181,200
block1,elastic_net_without_target_700,114,1.1044749547240738,20,180,181,200
block1,elastic_net_without_target_700,115,1.1008290099076925,20,180,181,200
block1,elastic_net_without_target_700,116,1.0750873904013392,20,180,181,200
block1,elastic_net_without_target_700,117,1.0821739631555705,20,180,181,200
block1,elastic_net_without_target_700,118,1.0767655669666252,20,180,181,200
block1,elastic_net_without_target_700,119,1.0767655669666252,20,180,181,200
block1,elastic_net_without_target_700,120,1.1048088520560977,20,180,181,200
block1,elastic_net_without_target_700,121,1.1041468478438208,20,180,181,200
block1,elastic_net_without_target_700,122,1.0976226234869166,20,180,181,200
block1,elastic_net_without_target_700,123,1.0773426470631602,20,180,181,200
block1,elastic_net_without_target_700,124,1.0767655669666252,20,180,181,200
block1,elastic_net_without_target_700,125,1.0767655669666252,20,180,181,200
block1,elastic_net_without_target_700,126,1.0767655669666252,20,180,181,200
block1,elastic_net_without_target_700,127,1.1047766229574925,20,180,181,200
block1,elastic_net_without_target_700,128,1.103818977056034,20,180,181,200
block1,elastic_net_without_target_700,129,1.0944415224747597,20,180,181,200
block1,elastic_net_without_target_700,130,1.0745530755997796,20,180,181,200
block1,elastic_net_without_target_700,131,1.0767655669666252,20,180,181,200
block1,elastic_net_without_target_700,132,1.0767655669666252,20,180,181,200
block1,elastic_net_without_target_700,133,1.0767655669666252,20,180,181,200
block1,elastic_net_without_target_700,134,1.104743741780923,20,180,181,200
block1,elastic_net_without_target_700,135,1.1034913434026616,20,180,181,200
block1,elastic_net_without_target_700,136,1.091286720740553,20,180,181,200
block1,elastic_net_without_target_700,137,1.0685574526377108,20,180,181,200
block1,elastic_net_without_target_700,138,1.0767655669666252,20,180,181,200
block1,elastic_net_without_target_700,139,1.0767655669666252,20,180,181,200
block1,elastic_net_without_target_700,140,1.0767655669666252,20,180,181,200
block1,elastic_net_without_target_700,141,1.94652586705528,20,180,181,200
block1,elastic_net_without_target_700,142,1.945180356916006,20,180,181,200
block1,elastic_net_without_target_700,143,1.931879610618731,20,180,181,200
block1,elastic_net_without_target_700,144,1.812857890070169,20,180,181,200
block1,elastic_net_without_target_700,145,1.297782864258328,20,180,181,200
block1,elastic_net_without_target_700,146,1.079263367013103,20,180,181,200
block1,elastic_net_without_target_700,147,1.0910485455461008,20,180,181,200
block1,elastic_net_without_target_700,148,1.9463667227976555,20,180,181,200
block1,elastic_net_without_target_700,149,1.943591014362812,20,180,181,200
block1,elastic_net_without_target_700,150,1.9161177697928,20,180,181,200
block1,elastic_net_without_target_700,151,1.6876277383727418,20,180,181,200
block1,elastic_net_without_target_700,152,1.1263946206371276,20,180,181,200
block1,elastic_net_without_target_700,153,1.0938120688922108,20,180,181,200
block1,elastic_net_without_target_700,154,1.0938120688922108,20,180,181,200
block1,elastic_net_without_target_700,155,1.946207589480294,20,180,181,200
block1,elastic_net_without_target_700,156,1.9420027725473636,20,180,181,200
block1,elastic_net_without_target_700,157,1.9001933036216232,20,180,181,200
block1,elastic_net_without_target_700,158,1.591040942303103,20,180,181,200
block1,elastic_net_without_target_700,159,1.1234154988796334,20,180,181,200
block1,elastic_net_without_target_700,160,1.0938120688922108,20,180,181,200
block1,elastic_net_without_target_700,161,1.0938120688922108,20,180,181,200
block1,elastic_net_without_target_700,162,1.946048467110067,20,180,181,200
block1,elastic_net_without_target_700,163,1.9404156383741555,20,180,181,200
block1,elastic_net_without_target_700,164,1.8847085426059456,20,180,181,200
block1,elastic_net_without_target_700,165,1.5216409409003664,20,180,181,200
block1,elastic_net_without_target_700,166,1.0938120688922108,20,180,181,200
block1,elastic_net_without_target_700,167,1.0938120688922108,20,180,181,200
block1,elastic_net_without_target_700,168,1.0938120688922108,20,180,181,200
block1,elastic_net_without_target_700,169,1.945889355693853,20,180,181,200
block1,elastic_net_without_target_700,170,1.938829618775005,20,180,181,200
block1,elastic_net_without_target_700,171,1.8699629885199025,20,180,181,200
block1,elastic_net_without_target_700,172,1.4633244635216467,20,180,181,200
block1,elastic_net_without_target_700,173,1.0938120688922108,20,180,181,200
block1,elastic_net_without_target_700,174,1.0938120688922108,20,180,181,200
block1,elastic_net_without_target_700,175,1.0938120688922108,20,180,181,200
block1,elastic_net_without_target_700,176,1.9465341320869276,20,180,181,200
block1,elastic_net_without_target_700,177,1.94514184604432,20,180,181,200
block1,elastic_net_without_target_700,178,1.9313911122937573,20,180,181,200
block1,elastic_net_without_target_700,179,1.808963009267044,20,180,181,200
block1,elastic_net_without_target_700,180,1.2877023474502312,20,180,181,200
block1,elastic_net_without_target_700,181,1.0622005637331646,20,180,181,200
block1,elastic_net_without_target_700,182,1.073882881769934,20,180,181,200
block1,elastic_net_without_target_700,183,1.946345749796829,20,180,181,200
block1,elastic_net_without_target_700,184,1.9432613571125972,20,180,181,200
block1,elastic_net_without_target_700,185,1.9127710551258768,20,180,181,200
block1,elastic_net_without_target_700,186,1.6762069801230233,20,180,181,200
block1,elastic_net_without_target_700,187,1.1135048667668457,20,180,181,200
block1,elastic_net_without_target_700,188,1.0767655669666252,20,180,181,200
block1,elastic_net_without_target_700,189,1.0767655669666252,20,180,181,200
block1,elastic_net_without_target_700,190,1.9461573798656784,20,180,181,200
block1,elastic_net_without_target_700,191,1.941381658800947,20,180,181,200
block1,elastic_net_without_target_700,192,1.894385997777242,20,180,181,200
block1,elastic_net_without_target_700,193,1.58195767465454,20,180,181,200
block1,elastic_net_without_target_700,194,1.0856409553638706,20,180,181,200
block1,elastic_net_without_target_700,195,1.0767655669666252,20,180,181,200
block1,elastic_net_without_target_700,196,1.0767655669666252,20,180,181,200
block1,elastic_net_without_target_700,197,1.945969022286244,20,180,181,200
block1,elastic_net_without_target_700,198,1.9395032164257928,20,180,181,200
block1,elastic_net_without_target_700,199,1.8777731791366332,20,180,181,200
block1,elastic_net_without_target_700,200,1.5112023848614828,20,180,181,200
block1,elastic_net_without_target_700,201,1.0767655669666252,20,180,181,200
block1,elastic_net_without_target_700,202,1.0767655669666252,20,180,181,200
block1,elastic_net_without_target_700,203,1.0767655669666252,20,180,181,200
block1,elastic_net_without_target_700,204,1.945780677085717,20,180,181,200
block1,elastic_net_without_target_700,205,1.9376260294310064,20,180,181,200
block1,elastic_net_without_target_700,206,1.8627672359076253,20,180,181,200
block1,elastic_net_without_target_700,207,1.4624381310853587,20,180,181,200
block1,elastic_net_without_target_700,208,1.0767655669666252,20,180,181,200
block1,elastic_net_without_target_700,209,1.0767655669666252,20,180,181,200
block1,elastic_net_without_target_700,210,1.0767655669666252,20,180,181,200
block1,elastic_net_without_target_700,211,1.7159371424188363,20,180,181,200
block1,elastic_net_without_target_700,212,1.7526284998924744,20,180,181,200
block1,elastic_net_without_target_700,213,1.7865892470982654,20,180,181,200
block1,elastic_net_without_target_700,214,1.6549549266520662,20,180,181,200
block1,elastic_net_without_target_700,215,1.3222747549860518,20,180,181,200
block1,elastic_net_without_target_700,216,1.0649382729133174,20,180,181,200
block1,elastic_net_without_target_700,217,1.008427969262302,20,180,181,200
block1,elastic_net_without_target_700,218,1.680045106694062,20,180,181,200
block1,elastic_net_without_target_700,219,1.912826768003552,20,180,181,200
block1,elastic_net_without_target_700,220,1.8005384240954696,20,180,181,200
block1,elastic_net_without_target_700,221,1.4938276055647643,20,180,181,200
block1,elastic_net_without_target_700,222,1.030873227489057,20,180,181,200
block1,elastic_net_without_target_700,223,1.0938120688922108,20,180,181,200
block1,elastic_net_without_target_700,224,1.0938120688922108,20,180,181,200
block1,elastic_net_without_target_700,225,1.711470565497193,20,180,181,200
block1,elastic_net_without_target_700,226,1.903978593397871,20,180,181,200
block1,elastic_net_without_target_700,227,1.8148980650342863,20,180,181,200
block1,elastic_net_without_target_700,228,1.435763703893413,20,180,181,200
block1,elastic_net_without_target_700,229,1.0938120688922108,20,180,181,200
block1,elastic_net_without_target_700,230,1.0938120688922108,20,180,181,200
block1,elastic_net_without_target_700,231,1.0938120688922108,20,180,181,200
block1,elastic_net_without_target_700,232,1.7184743647781289,20,180,181,200
block1,elastic_net_without_target_700,233,1.9421487337880632,20,180,181,200
block1,elastic_net_without_target_700,234,1.8824052348112896,20,180,181,200
block1,elastic_net_without_target_700,235,1.377705807789641,20,180,181,200
block1,elastic_net_without_target_700,236,1.0938120688922108,20,180,181,200
block1,elastic_net_without_target_700,237,1.0938120688922108,20,180,181,200
block1,elastic_net_without_target_700,238,1.0938120688922108,20,180,181,200
block1,elastic_net_without_target_700,239,1.7515576502722776,20,180,181,200
block1,elastic_net_without_target_700,240,1.9737361696287825,20,180,181,200
block1,elastic_net_without_target_700,241,1.8976114678897404,20,180,181,200
block1,elastic_net_without_target_700,242,1.2877188943999187,20,180,181,200
block1,elastic_net_without_target_700,243,1.0938120688922108,20,180,181,200
block1,elastic_net_without_target_700,244,1.0938120688922108,20,180,181,200
block1,elastic_net_without_target_700,245,1.0938120688922108,20,180,181,200
block1,elastic_net_without_target_700,246,1.7404661099723542,20,180,181,200
block1,elastic_net_without_target_700,247,1.7392030064652502,20,180,181,200
block1,elastic_net_without_target_700,248,1.7792557500566757,20,180,181,200
block1,elastic_net_without_target_700,249,1.611933883420587,20,180,181,200
block1,elastic_net_without_target_700,250,1.2416123501109078,20,180,181,200
block1,elastic_net_without_target_700,251,1.0401033869257823,20,180,181,200
block1,elastic_net_without_target_700,252,1.006291928741564,20,180,181,200
block1,elastic_net_without_target_700,253,1.6944081117165508,20,180,181,200
block1,elastic_net_without_target_700,254,1.9142592917668195,20,180,181,200
block1,elastic_net_without_target_700,255,1.7689581871451034,20,180,181,200
block1,elastic_net_without_target_700,256,1.467930173308892,20,180,181,200
block1,elastic_net_without_target_700,257,1.0223011447961092,20,180,181,200
block1,elastic_net_without_target_700,258,1.0767655669666252,20,180,181,200
block1,elastic_net_without_target_700,259,1.0767655669666252,20,180,181,200
block1,elastic_net_without_target_700,260,1.7131916733594663,20,180,181,200
block1,elastic_net_without_target_700,261,1.9447561674890004,20,180,181,200
block1,elastic_net_without_target_700,262,1.7896989750405885,20,180,181,200
block1,elastic_net_without_target_700,263,1.352596576842421,20,180,181,200
block1,elastic_net_without_target_700,264,1.0767655669666252,20,180,181,200
block1,elastic_net_without_target_700,265,1.0767655669666252,20,180,181,200
block1,elastic_net_without_target_700,266,1.0767655669666252,20,180,181,200
block1,elastic_net_without_target_700,267,1.7432870116897845,20,180,181,200
block1,elastic_net_without_target_700,268,2.009034727980852,20,180,181,200
block1,elastic_net_without_target_700,269,1.823568507496901,20,180,181,200
block1,elastic_net_without_target_700,270,1.307146407949646,20,180,181,200
block1,elastic_net_without_target_700,271,1.0767655669666252,20,180,181,200
block1,elastic_net_without_target_700,272,1.0767655669666252,20,180,181,200
block1,elastic_net_without_target_700,273,1.0767655669666252,20,180,181,200
block1,elastic_net_without_target_700,274,1.772598739758524,20,180,181,200
block1,elastic_net_without_target_700,275,2.022044957890204,20,180,181,200
block1,elastic_net_without_target_700,276,1.8684267319249568,20,180,181,200
block1,elastic_net_without_target_700,277,1.2407637178880306,20,180,181,200
block1,elastic_net_without_target_700,278,1.0767655669666252,20,180,181,200
block1,elastic_net_without_target_700,279,1.0767655669666252,20,180,181,200
block1,elastic_net_without_target_700,280,1.0767655669666252,20,180,181,200
block1,elastic_net_without_target_700,281,1.0790730630826704,20,180,181,200
block1,elastic_net_without_target_700,282,1.0788987915811057,20,180,181,200
block1,elastic_net_without_target_700,283,1.077189893449046,20,180,181,200
block1,elastic_net_without_target_700,284,1.0630579261896256,20,180,181,200
block1,elastic_net_without_target_700,285,1.033311726069477,20,180,181,200
block1,elastic_net_without_target_700,286,1.0752958300643756,20,180,181,200
block1,elastic_net_without_target_700,287,1.0916450925432704,20,180,181,200
block1,elastic_net_without_target_700,288,1.0790527435522723,20,180,181,200
block1,elastic_net_without_target_700,289,1.0786962540932317,20,180,181,200
block1,elastic_net_without_target_700,290,1.0752297586543167,20,180,181,200
block1,elastic_net_without_target_700,291,1.0487233635541315,20,180,181,200
block1,elastic_net_without_target_700,292,1.0623593879422684,20,180,181,200
block1,elastic_net_without_target_700,293,1.0938120688922108,20,180,181,200
block1,elastic_net_without_target_700,294,1.0938120688922108,20,180,181,200
block1,elastic_net_without_target_700,295,1.0790324278316,20,180,181,200
block1,elastic_net_without_target_700,296,1.0784940982536473,20,180,181,200
block1,elastic_net_without_target_700,297,1.0733103398735877,20,180,181,200
block1,elastic_net_without_target_700,298,1.0373489011534192,20,180,181,200
block1,elastic_net_without_target_700,299,1.0938120688922108,20,180,181,200
block1,elastic_net_without_target_700,300,1.0938120688922108,20,180,181,200
block1,elastic_net_without_target_700,301,1.0938120688922108,20,180,181,200
block1,elastic_net_without_target_700,302,1.079012115921573,20,180,181,200
block1,elastic_net_without_target_700,303,1.0782923249825187,20,180,181,200
block1,elastic_net_without_target_700,304,1.0714239066429925,20,180,181,200
block1,elastic_net_without_target_700,305,1.029395719439547,20,180,181,200
block1,elastic_net_without_target_700,306,1.0938120688922108,20,180,181,200
block1,elastic_net_without_target_700,307,1.0938120688922108,20,180,181,200
block1,elastic_net_without_target_700,308,1.0938120688922108,20,180,181,200
block1,elastic_net_without_target_700,309,1.0789918078231122,20,180,181,200
block1,elastic_net_without_target_700,310,1.078090935201391,20,180,181,200
block1,elastic_net_without_target_700,311,1.0695585284614029,20,180,181,200
block1,elastic_net_without_target_700,312,1.024714595648348,20,180,181,200
block1,elastic_net_without_target_700,313,1.0938120688922108,20,180,181,200
block1,elastic_net_without_target_700,314,1.0938120688922108,20,180,181,200
block1,elastic_net_without_target_700,315,1.0938120688922108,20,180,181,200
block1,elastic_net_without_target_700,316,1.063285676602228,20,180,181,200
block1,elastic_net_without_target_700,317,1.0631999939260204,20,180,181,200
block1,elastic_net_without_target_700,318,1.0623588873112693,20,180,181,200
block1,elastic_net_without_target_700,319,1.055299349010015,20,180,181,200
block1,elastic_net_without_target_700,320,1.0368886379432365,20,180,181,200
block1,elastic_net_without_target_700,321,1.0613994700098246,20,180,181,200
block1,elastic_net_without_target_700,322,1.0748445433605465,20,180,181,200
block1,elastic_net_without_target_700,323,1.063273066352108,20,180,181,200
block1,elastic_net_without_target_700,324,1.0630716266568472,20,180,181,200
block1,elastic_net_without_target_700,325,1.0610529708173466,20,180,181,200
block1,elastic_net_without_target_700,326,1.045492821622669,20,180,181,200
block1,elastic_net_without_target_700,327,1.073242536460984,20,180,181,200
block1,elastic_net_without_target_700,328,1.0767655669666252,20,180,181,200
block1,elastic_net_without_target_700,329,1.0767655669666252,20,180,181,200
block1,elastic_net_without_target_700,330,1.0632601505996,20,180,181,200
block1,elastic_net_without_target_700,331,1.062940852429249,20,180,181,200
block1,elastic_net_without_target_700,332,1.0597924498852638,20,180,181,200
block1,elastic_net_without_target_700,333,1.0379512197601308,20,180,181,200
block1,elastic_net_without_target_700,334,1.0767655669666252,20,180,181,200
block1,elastic_net_without_target_700,335,1.0767655669666252,20,180,181,200
block1,elastic_net_without_target_700,336,1.0767655669666252,20,180,181,200
block1,elastic_net_without_target_700,337,1.0632472404259696,20,180,181,200
block1,elastic_net_without_target_700,338,1.0628065884318958,20,180,181,200
block1,elastic_net_without_target_700,339,1.0585796099683025,20,180,181,200
block1,elastic_net_without_target_700,340,1.029146378799179,20,180,181,200
block1,elastic_net_without_target_700,341,1.0767655669666252,20,180,181,200
block1,elastic_net_without_target_700,342,1.0767655669666252,20,180,181,200
block1,elastic_net_without_target_700,343,1.0767655669666252,20,180,181,200
block1,elastic_net_without_target_700,344,1.0632340748129123,20,180,181,200
block1,elastic_net_without_target_700,345,1.0626726480209714,20,180,181,200
block1,elastic_net_without_target_700,346,1.057426269632108,20,180,181,200
block1,elastic_net_without_target_700,347,1.0315330468588415,20,180,181,200
block1,elastic_net_without_target_700,348,1.0767655669666252,20,180,181,200
block1,elastic_net_without_target_700,349,1.0767655669666252,20,180,181,200
block1,elastic_net_without_target_700,350,1.0767655669666252,20,180,181,200
block1,elastic_net_without_target_700,351,1.8068917671021207,20,180,181,200
block1,elastic_net_without_target_700,352,1.8056299814630723,20,180,181,200
block1,elastic_net_without_target_700,353,1.7931609786074705,20,180,181,200
block1,elastic_net_without_target_700,354,1.6819521448460517,20,180,181,200
block1,elastic_net_without_target_700,355,1.216444476800142,20,180,181,200
block1,elastic_net_without_target_700,356,1.0659238656882806,20,180,181,200
block1,elastic_net_without_target_700,357,1.0897041422082867,20,180,181,200
block1,elastic_net_without_target_700,358,1.8067573943498343,20,180,181,200
block1,elastic_net_without_target_700,359,1.8042880934669685,20,180,181,200
block1,elastic_net_without_target_700,360,1.7801803992853955,20,180,181,200
block1,elastic_net_without_target_700,361,1.5870519215212855,20,180,181,200
block1,elastic_net_without_target_700,362,1.1046989170950583,20,180,181,200
block1,elastic_net_without_target_700,363,1.0938120688922108,20,180,181,200
block1,elastic_net_without_target_700,364,1.0938120688922108,20,180,181,200
block1,elastic_net_without_target_700,365,1.8066230290216427,20,180,181,200
block1,elastic_net_without_target_700,366,1.802946953196552,20,180,181,200
block1,elastic_net_without_target_700,367,1.768612291917582,20,180,181,200
block1,elastic_net_without_target_700,368,1.506675902377566,20,180,181,200
block1,elastic_net_without_target_700,369,1.10766576307206,20,180,181,200
block1,elastic_net_without_target_700,370,1.0938120688922108,20,180,181,200
block1,elastic_net_without_target_700,371,1.0938120688922108,20,180,181,200
block1,elastic_net_without_target_700,372,1.80648867112232,20,180,181,200
block1,elastic_net_without_target_700,373,1.8016065654468776,20,180,181,200
block1,elastic_net_without_target_700,374,1.7583511091634925,20,180,181,200
block1,elastic_net_without_target_700,375,1.444899511681654,20,180,181,200
block1,elastic_net_without_target_700,376,1.0938120688922108,20,180,181,200
block1,elastic_net_without_target_700,377,1.0938120688922108,20,180,181,200
block1,elastic_net_without_target_700,378,1.0938120688922108,20,180,181,200
block1,elastic_net_without_target_700,379,1.8063543206566413,20,180,181,200
block1,elastic_net_without_target_700,380,1.8002669350312832,20,180,181,200
block1,elastic_net_without_target_700,381,1.7478817452486717,20,180,181,200
block1,elastic_net_without_target_700,382,1.3995308703357692,20,180,181,200
block1,elastic_net_without_target_700,383,1.0938120688922108,20,180,181,200
block1,elastic_net_without_target_700,384,1.0938120688922108,20,180,181,200
block1,elastic_net_without_target_700,385,1.0938120688922108,20,180,181,200
block1,elastic_net_without_target_700,386,1.806829845876864,20,180,181,200
block1,elastic_net_without_target_700,387,1.8055087569288664,20,180,181,200
block1,elastic_net_without_target_700,388,1.792408943547683,20,180,181,200
block1,elastic_net_without_target_700,389,1.6770041389411467,20,180,181,200
block1,elastic_net_without_target_700,390,1.214786529621931,20,180,181,200
block1,elastic_net_without_target_700,391,1.0551920847850549,20,180,181,200
block1,elastic_net_without_target_700,392,1.073345187152289,20,180,181,200
block1,elastic_net_without_target_700,393,1.806680785469824,20,180,181,200
block1,elastic_net_without_target_700,394,1.8040139683638703,20,180,181,200
block1,elastic_net_without_target_700,395,1.7779188173703573,20,180,181,200
block1,elastic_net_without_target_700,396,1.5836388839011313,20,180,181,200
block1,elastic_net_without_target_700,397,1.0932514360875845,20,180,181,200
block1,elastic_net_without_target_700,398,1.0767655669666252,20,180,181,200
block1,elastic_net_without_target_700,399,1.0767655669666252,20,180,181,200
block1,elastic_net_without_target_700,400,1.8065317323391303,20,180,181,200
block1,elastic_net_without_target_700,401,1.802526313528079,20,180,181,200
block1,elastic_net_without_target_700,402,1.7654745853013614,20,180,181,200
block1,elastic_net_without_target_700,403,1.5025451061293165,20,180,181,200
block1,elastic_net_without_target_700,404,1.073076013991708,20,180,181,200
block1,elastic_net_without_target_700,405,1.0767655669666252,20,180,181,200
block1,elastic_net_without_target_700,406,1.0767655669666252,20,180,181,200
block1,elastic_net_without_target_700,407,1.806382686490428,20,180,181,200
block1,elastic_net_without_target_700,408,1.8010394047679437,20,180,181,200
block1,elastic_net_without_target_700,409,1.754068906891525,20,180,181,200
block1,elastic_net_without_target_700,410,1.4445035597108948,20,180,181,200
block1,elastic_net_without_target_700,411,1.0767655669666252,20,180,181,200
block1,elastic_net_without_target_700,412,1.0767655669666252,20,180,181,200
block1,elastic_net_without_target_700,413,1.0767655669666252,20,180,181,200
block1,elastic_net_without_target_700,414,1.8062336479293664,20,180,181,200
block1,elastic_net_without_target_700,415,1.7995531391245416,20,180,181,200
block1,elastic_net_without_target_700,416,1.74268286449518,20,180,181,200
block1,elastic_net_without_target_700,417,1.404839006790943,20,180,181,200
block1,elastic_net_without_target_700,418,1.0767655669666252,20,180,181,200
block1,elastic_net_without_target_700,419,1.0767655669666252,20,180,181,200
block1,elastic_net_without_target_700,420,1.0767655669666252,20,180,181,200
block1,elastic_net_without_target_700,421,2.0350837201010568,20,180,181,200
block1,elastic_net_without_target_700,422,2.019517967531836,20,180,181,200
block1,elastic_net_without_target_700,423,1.972958929761676,20,180,181,200
block1,elastic_net_without_target_700,424,1.574359527660772,20,180,181,200
block1,elastic_net_without_target_700,425,1.063665347164482,20,180,181,200
block1,elastic_net_without_target_700,426,0.9977400004613624,20,180,181,200
block1,elastic_net_without_target_700,427,1.0338076627882105,20,180,181,200
block1,elastic_net_without_target_700,428,2.0776905723329584,20,180,181,200
block1,elastic_net_without_target_700,429,2.72743795833156,20,180,181,200
block1,elastic_net_without_target_700,430,2.5543424692778647,20,180,181,200
block1,elastic_net_without_target_700,431,1.5647996028752291,20,180,181,200
block1,elastic_net_without_target_700,432,1.0124309649953522,20,180,181,200
block1,elastic_net_without_target_700,433,1.0938120688922108,20,180,181,200
block1,elastic_net_without_target_700,434,1.0938120688922108,20,180,181,200
block1,elastic_net_without_target_700,435,2.252413906230073,20,180,181,200
block1,elastic_net_without_target_700,436,2.770607734593528,20,180,181,200
block1,elastic_net_without_target_700,437,2.41566303866425,20,180,181,200
block1,elastic_net_without_target_700,438,1.2995871664904637,20,180,181,200
block1,elastic_net_without_target_700,439,1.0938120688922108,20,180,181,200
block1,elastic_net_without_target_700,440,1.0938120688922108,20,180,181,200
block1,elastic_net_without_target_700,441,1.0938120688922108,20,180,181,200
block1,elastic_net_without_target_700,442,2.4088573705257024,20,180,181,200
block1,elastic_net_without_target_700,443,2.741365965765846,20,180,181,200
block1,elastic_net_without_target_700,444,2.317555183491134,20,180,181,200
block1,elastic_net_without_target_700,445,1.1434794526491856,20,180,181,200
block1,elastic_net_without_target_700,446,1.0938120688922108,20,180,181,200
block1,elastic_net_without_target_700,447,1.0938120688922108,20,180,181,200
block1,elastic_net_without_target_700,448,1.0938120688922108,20,180,181,200
block1,elastic_net_without_target_700,449,2.5588385723368696,20,180,181,200
block1,elastic_net_without_target_700,450,2.730743502595417,20,180,181,200
block1,elastic_net_without_target_700,451,2.3191383071152485,20,180,181,200
block1,elastic_net_without_target_700,452,1.1254500784284789,20,180,181,200
block1,elastic_net_without_target_700,453,1.0938120688922108,20,180,181,200
block1,elastic_net_without_target_700,454,1.0938120688922108,20,180,181,200
block1,elastic_net_without_target_700,455,1.0938120688922108,20,180,181,200
block1,elastic_net_without_target_700,456,1.9288365519850603,20,180,181,200
block1,elastic_net_without_target_700,457,2.0189942413684614,20,180,181,200
block1,elastic_net_without_target_700,458,1.931920668651432,20,180,181,200
block1,elastic_net_without_target_700,459,1.431541276403961,20,180,181,200
block1,elastic_net_without_target_700,460,0.995597770197824,20,180,181,200
block1,elastic_net_without_target_700,461,1.02074166189519,20,180,181,200
block1,elastic_net_without_target_700,462,1.037514822515209,20,180,181,200
block1,elastic_net_without_target_700,463,1.9746990265862483,20,180,181,200
block1,elastic_net_without_target_700,464,2.718837300213844,20,180,181,200
block1,elastic_net_without_target_700,465,2.4854686820979905,20,180,181,200
block1,elastic_net_without_target_700,466,1.2643273522466312,20,180,181,200
block1,elastic_net_without_target_700,467,1.0221727805227163,20,180,181,200
block1,elastic_net_without_target_700,468,1.0767655669666252,20,180,181,200
block1,elastic_net_without_target_700,469,1.0767655669666252,20,180,181,200
block1,elastic_net_without_target_700,470,2.124212382147628,20,180,181,200
block1,elastic_net_without_target_700,471,2.72285397851373,20,180,181,200
block1,elastic_net_without_target_700,472,2.206495099606957,20,180,181,200
block1,elastic_net_without_target_700,473,1.0491898499476753,20,180,181,200
block1,elastic_net_without_target_700,474,1.0767655669666252,20,180,181,200
block1,elastic_net_without_target_700,475,1.0767655669666252,20,180,181,200
block1,elastic_net_without_target_700,476,1.0767655669666252,20,180,181,200
block1,elastic_net_without_target_700,477,2.286215854003649,20,180,181,200
block1,elastic_net_without_target_700,478,2.671590502295903,20,180,181,200
block1,elastic_net_without_target_700,479,2.1955004096636537,20,180,181,200
block1,elastic_net_without_target_700,480,1.0174900496622294,20,180,181,200
block1,elastic_net_without_target_700,481,1.0767655669666252,20,180,181,200
block1,elastic_net_without_target_700,482,1.0767655669666252,20,180,181,200
block1,elastic_net_without_target_700,483,1.0767655669666252,20,180,181,200
block1,elastic_net_without_target_700,484,2.4293108574449747,20,180,181,200
block1,elastic_net_without_target_700,485,2.708560362156474,20,180,181,200
block1,elastic_net_without_target_700,486,2.2174931568860745,20,180,181,200
block1,elastic_net_without_target_700,487,1.042376593906746,20,180,181,200
block1,elastic_net_without_target_700,488,1.0767655669666252,20,180,181,200
block1,elastic_net_without_target_700,489,1.0767655669666252,20,180,181,200
block1,elastic_net_without_target_700,490,1.0767655669666252,20,180,181,200
block1,elastic_net_without_target_700,491,1.0231503589429036,20,180,181,200
block1,elastic_net_without_target_700,492,1.0230304340365026,20,180,181,200
block1,elastic_net_without_target_700,493,1.0218602378469668,20,180,181,200
block1,elastic_net_without_target_700,494,1.0126714613532044,20,180,181,200
block1,elastic_net_without_target_700,495,1.0079184792987634,20,180,181,200
block1,elastic_net_without_target_700,496,1.0713876315229562,20,180,181,200
block1,elastic_net_without_target_700,497,1.091236727247313,20,180,181,200
block1,elastic_net_without_target_700,498,1.0231339567799764,20,180,181,200
block1,elastic_net_without_target_700,499,1.022866911319512,20,180,181,200
block1,elastic_net_without_target_700,500,1.020274487313838,20,180,181,200
block1,elastic_net_without_target_700,501,1.0018354257544044,20,180,181,200
block1,elastic_net_without_target_700,502,1.075224800236391,20,180,181,200
block1,elastic_net_without_target_700,503,1.0938120688922108,20,180,181,200
block1,elastic_net_without_target_700,504,1.0938120688922108,20,180,181,200
block1,elastic_net_without_target_700,505,1.0231175607692098,20,180,181,200
block1,elastic_net_without_target_700,506,1.0227040041027542,20,180,181,200
block1,elastic_net_without_target_700,507,1.0187505556140433,20,180,181,200
block1,elastic_net_without_target_700,508,0.9949480348178292,20,180,181,200
block1,elastic_net_without_target_700,509,1.0938120688922108,20,180,181,200
block1,elastic_net_without_target_700,510,1.0938120688922108,20,180,181,200
block1,elastic_net_without_target_700,511,1.0938120688922108,20,180,181,200
block1,elastic_net_without_target_700,512,1.0231011709119229,20,180,181,200
block1,elastic_net_without_target_700,513,1.0225417137042236,20,180,181,200
block1,elastic_net_without_target_700,514,1.017289744413991,20,180,181,200
block1,elastic_net_without_target_700,515,0.9953030832921173,20,180,181,200
block1,elastic_net_without_target_700,516,1.0938120688922108,20,180,181,200
block1,elastic_net_without_target_700,517,1.0938120688922108,20,180,181,200
block1,elastic_net_without_target_700,518,1.0938120688922108,20,180,181,200
block1,elastic_net_without_target_700,519,1.0230847872094353,20,180,181,200
block1,elastic_net_without_target_700,520,1.0223800414432025,20,180,181,200
block1,elastic_net_without_target_700,521,1.0160371690855716,20,180,181,200
block1,elastic_net_without_target_700,522,0.9956313917302078,20,180,181,200
block1,elastic_net_without_target_700,523,1.0938120688922108,20,180,181,200
block1,elastic_net_without_target_700,524,1.0938120688922108,20,180,181,200
block1,elastic_net_without_target_700,525,1.0938120688922108,20,180,181,200
block1,elastic_net_without_target_700,526,1.0989080706083605,20,180,181,200
block1,elastic_net_without_target_700,527,1.0986190422006643,20,180,181,200
block1,elastic_net_without_target_700,528,1.0958014305325223,20,180,181,200
block1,elastic_net_without_target_700,529,1.0734893929373497,20,180,181,200
block1,elastic_net_without_target_700,530,1.0222744078604753,20,180,181,200
block1,elastic_net_without_target_700,531,1.054057192534833,20,180,181,200
block1,elastic_net_without_target_700,532,1.0739068594110932,20,180,181,200
block1,elastic_net_without_target_700,533,1.0988528267651143,20,180,181,200
block1,elastic_net_without_target_700,534,1.0980686788117575,20,180,181,200
block1,elastic_net_without_target_700,535,1.0900572952130851,20,180,181,200
block1,elastic_net_without_target_700,536,1.0331094173412911,20,180,181,200
block1,elastic_net_without_target_700,537,1.0537671630076006,20,180,181,200
block1,elastic_net_without_target_700,538,1.0767655669666252,20,180,181,200
block1,elastic_net_without_target_700,539,1.0767655669666252,20,180,181,200
block1,elastic_net_without_target_700,540,1.0987976780586413,20,180,181,200
block1,elastic_net_without_target_700,541,1.0975139907576346,20,180,181,200
block1,elastic_net_without_target_700,542,1.0844864008626354,20,180,181,200
block1,elastic_net_without_target_700,543,1.0032726350293275,20,180,181,200
block1,elastic_net_without_target_700,544,1.0767655669666252,20,180,181,200
block1,elastic_net_without_target_700,545,1.0767655669666252,20,180,181,200
block1,elastic_net_without_target_700,546,1.0767655669666252,20,180,181,200
block1,elastic_net_without_target_700,547,1.0987425397441652,20,180,181,200
block1,elastic_net_without_target_700,548,1.0969417158779202,20,180,181,200
block1,elastic_net_without_target_700,549,1.079104866417521,20,180,181,200
block1,elastic_net_without_target_700,550,0.9937014576205568,20,180,181,200
block1,elastic_net_without_target_700,551,1.0767655669666252,20,180,181,200
block1,elastic_net_without_target_700,552,1.0767655669666252,20,180,181,200
block1,elastic_net_without_target_700,553,1.0767655669666252,20,180,181,200
block1,elastic_net_without_target_700,554,1.0986874118265613,20,180,181,200
block1,elastic_net_without_target_700,555,1.096302528851879,20,180,181,200
block1,elastic_net_without_target_700,556,1.0733738275793652,20,180,181,200
block1,elastic_net_without_target_700,557,0.9910859060616388,20,180,181,200
block1,elastic_net_without_target_700,558,1.0767655669666252,20,180,181,200
block1,elastic_net_without_target_700,559,1.0767655669666252,20,180,181,200
block1,elastic_net_without_target_700,560,1.0767655669666252,20,180,181,200
block1,elastic_net_without_target_700,561,2.052844820383223,20,180,181,200
block1,elastic_net_without_target_700,562,2.051186976858449,20,180,181,200
block1,elastic_net_without_target_700,563,2.034795784646609,20,180,181,200
block1,elastic_net_without_target_700,564,1.887883155010739,20,180,181,200
block1,elastic_net_without_target_700,565,1.2518051837247433,20,180,181,200
block1,elastic_net_without_target_700,566,1.0461441324723428,20,180,181,200
block1,elastic_net_without_target_700,567,1.087042794833175,20,180,181,200
block1,elastic_net_without_target_700,568,2.052590861550576,20,180,181,200
block1,elastic_net_without_target_700,569,2.0486516802310137,20,180,181,200
block1,elastic_net_without_target_700,570,2.009873767215662,20,180,181,200
block1,elastic_net_without_target_700,571,1.640559344181418,20,180,181,200
block1,elastic_net_without_target_700,572,1.053882704875951,20,180,181,200
block1,elastic_net_without_target_700,573,1.0938120688922108,20,180,181,200
block1,elastic_net_without_target_700,574,1.0938120688922108,20,180,181,200
block1,elastic_net_without_target_700,575,2.052336939545414,20,180,181,200
block1,elastic_net_without_target_700,576,2.0461200885785376,20,180,181,200
block1,elastic_net_without_target_700,577,1.980471072273151,20,180,181,200
block1,elastic_net_without_target_700,578,1.487550640688536,20,180,181,200
block1,elastic_net_without_target_700,579,1.09327509469163,20,180,181,200
block1,elastic_net_without_target_700,580,1.0938120688922108,20,180,181,200
block1,elastic_net_without_target_700,581,1.0938120688922108,20,180,181,200
block1,elastic_net_without_target_700,582,2.0520830543925985,20,180,181,200
block1,elastic_net_without_target_700,583,2.0435922269043454,20,180,181,200
block1,elastic_net_without_target_700,584,1.9482926210227105,20,180,181,200
block1,elastic_net_without_target_700,585,1.3749112292265635,20,180,181,200
block1,elastic_net_without_target_700,586,1.0938120688922108,20,180,181,200
block1,elastic_net_without_target_700,587,1.0938120688922108,20,180,181,200
block1,elastic_net_without_target_700,588,1.0938120688922108,20,180,181,200
block1,elastic_net_without_target_700,589,2.051829206117005,20,180,181,200
block1,elastic_net_without_target_700,590,2.041068120332622,20,180,181,200
block1,elastic_net_without_target_700,591,1.9175896270626849,20,180,181,200
block1,elastic_net_without_target_700,592,1.287103202570113,20,180,181,200
block1,elastic_net_without_target_700,593,1.0938120688922108,20,180,181,200
block1,elastic_net_without_target_700,594,1.0938120688922108,20,180,181,200
block1,elastic_net_without_target_700,595,1.0938120688922108,20,180,181,200
block1,elastic_net_without_target_700,596,2.0535888649664664,20,180,181,200
block1,elastic_net_without_target_700,597,2.0514320022822776,20,180,181,200
block1,elastic_net_without_target_700,598,2.031564248444931,20,180,181,200
block1,elastic_net_without_target_700,599,1.8587629156246264,20,180,181,200
block1,elastic_net_without_target_700,600,1.2092486448743267,20,180,181,200
block1,elastic_net_without_target_700,601,1.0390375835620986,20,180,181,200
block1,elastic_net_without_target_700,602,1.071468075909156,20,180,181,200
block1,elastic_net_without_target_700,603,2.0532227025212184,20,180,181,200
block1,elastic_net_without_target_700,604,2.0479193498611687,20,180,181,200
block1,elastic_net_without_target_700,605,1.9954554909429965,20,180,181,200
block1,elastic_net_without_target_700,606,1.5901017925938323,20,180,181,200
block1,elastic_net_without_target_700,607,1.032498165677739,20,180,181,200
block1,elastic_net_without_target_700,608,1.0767655669666252,20,180,181,200
block1,elastic_net_without_target_700,609,1.0767655669666252,20,180,181,200
block1,elastic_net_without_target_700,610,2.052856627086177,20,180,181,200
block1,elastic_net_without_target_700,611,2.0442762269900245,20,180,181,200
block1,elastic_net_without_target_700,612,1.9545508689385709,20,180,181,200
block1,elastic_net_without_target_700,613,1.442728472144447,20,180,181,200
block1,elastic_net_without_target_700,614,1.0657246594208227,20,180,181,200
block1,elastic_net_without_target_700,615,1.0767655669666252,20,180,181,200
block1,elastic_net_without_target_700,616,1.0767655669666252,20,180,181,200
block1,elastic_net_without_target_700,617,2.052490638744419,20,180,181,200
block1,elastic_net_without_target_700,618,2.040641889938504,20,180,181,200
block1,elastic_net_without_target_700,619,1.9144936591405948,20,180,181,200
block1,elastic_net_without_target_700,620,1.3249062449360776,20,180,181,200
block1,elastic_net_without_target_700,621,1.0734985466496485,20,180,181,200
block1,elastic_net_without_target_700,622,1.0767655669666252,20,180,181,200
block1,elastic_net_without_target_700,623,1.0767655669666252,20,180,181,200
block1,elastic_net_without_target_700,624,2.0521247375790765,20,180,181,200
block1,elastic_net_without_target_700,625,2.037016478074195,20,180,181,200
block1,elastic_net_without_target_700,626,1.8788634172615943,20,180,181,200
block1,elastic_net_without_target_700,627,1.2408521402807486,20,180,181,200
block1,elastic_net_without_target_700,628,1.0767655669666252,20,180,181,200
block1,elastic_net_without_target_700,629,1.0767655669666252,20,180,181,200
block1,elastic_net_without_target_700,630,1.0767655669666252,20,180,181,200
block1,elastic_net_without_target_700,631,2.316126668507457,20,180,181,200
block1,elastic_net_without_target_700,632,1.8799848487502,20,180,181,200
block1,elastic_net_without_target_700,633,1.7979188752267852,20,180,181,200
block1,elastic_net_without_target_700,634,1.5232341079791516,20,180,181,200
block1,elastic_net_without_target_700,635,1.0902542282692602,20,180,181,200
block1,elastic_net_without_target_700,636,1.004918858150597,20,180,181,200
block1,elastic_net_without_target_700,637,1.026562480272065,20,180,181,200
block1,elastic_net_without_target_700,638,2.3259285793353186,20,180,181,200
block1,elastic_net_without_target_700,639,2.7019333334764526,20,180,181,200
block1,elastic_net_without_target_700,640,2.52660171272486,20,180,181,200
block1,elastic_net_without_target_700,641,1.5243390880614307,20,180,181,200
block1,elastic_net_without_target_700,642,1.0130786897068698,20,180,181,200
block1,elastic_net_without_target_700,643,1.0938120688922108,20,180,181,200
block1,elastic_net_without_target_700,644,1.0938120688922108,20,180,181,200
block1,elastic_net_without_target_700,645,2.404137724362946,20,180,181,200
block1,elastic_net_without_target_700,646,2.758119492508384,20,180,181,200
block1,elastic_net_without_target_700,647,2.501619109194836,20,180,181,200
block1,elastic_net_without_target_700,648,1.290003339560236,20,180,181,200
block1,elastic_net_without_target_700,649,1.0938120688922108,20,180,181,200
block1,elastic_net_without_target_700,650,1.0938120688922108,20,180,181,200
block1,elastic_net_without_target_700,651,1.0938120688922108,20,180,181,200
block1,elastic_net_without_target_700,652,2.512237116163828,20,180,181,200
block1,elastic_net_without_target_700,653,2.9334309149775715,20,180,181,200
block1,elastic_net_without_target_700,654,2.213745880903897,20,180,181,200
block1,elastic_net_without_target_700,655,1.1398444956506537,20,180,181,200
block1,elastic_net_without_target_700,656,1.0938120688922108,20,180,181,200
block1,elastic_net_without_target_700,657,1.0938120688922108,20,180,181,200
block1,elastic_net_without_target_700,658,1.0938120688922108,20,180,181,200
block1,elastic_net_without_target_700,659,2.6698480035402388,20,180,181,200
block1,elastic_net_without_target_700,660,3.0292692556074603,20,180,181,200
block1,elastic_net_without_target_700,661,2.1827831003796057,20,180,181,200
block1,elastic_net_without_target_700,662,1.1241312702067916,20,180,181,200
block1,elastic_net_without_target_700,663,1.0938120688922108,20,180,181,200
block1,elastic_net_without_target_700,664,1.0938120688922108,20,180,181,200
block1,elastic_net_without_target_700,665,1.0938120688922108,20,180,181,200
block1,elastic_net_without_target_700,666,2.1136789153789497,20,180,181,200
block1,elastic_net_without_target_700,667,1.8782725597782988,20,180,181,200
block1,elastic_net_without_target_700,668,1.769150178007332,20,180,181,200
block1,elastic_net_without_target_700,669,1.4078086944730206,20,180,181,200
block1,elastic_net_without_target_700,670,1.0429125091817586,20,180,181,200
block1,elastic_net_without_target_700,671,1.0360964861182744,20,180,181,200
block1,elastic_net_without_target_700,672,1.033481250595686,20,180,181,200
block1,elastic_net_without_target_700,673,2.251200761197258,20,180,181,200
block1,elastic_net_without_target_700,674,2.7167518976811893,20,180,181,200
block1,elastic_net_without_target_700,675,2.392134890915784,20,180,181,200
block1,elastic_net_without_target_700,676,1.2723346651002587,20,180,181,200
block1,elastic_net_without_target_700,677,1.0221682427054573,20,180,181,200
block1,elastic_net_without_target_700,678,1.0767655669666252,20,180,181,200
block1,elastic_net_without_target_700,679,1.0767655669666252,20,180,181,200
block1,elastic_net_without_target_700,680,2.368475272469207,20,180,181,200
block1,elastic_net_without_target_700,681,2.764008212805783,20,180,181,200
block1,elastic_net_without_target_700,682,2.2810534005548075,20,180,181,200
block1,elastic_net_without_target_700,683,1.0718240828944794,20,180,181,200
block1,elastic_net_without_target_700,684,1.0767655669666252,20,180,181,200
block1,elastic_net_without_target_700,685,1.0767655669666252,20,180,181,200
block1,elastic_net_without_target_700,686,1.0767655669666252,20,180,181,200
block1,elastic_net_without_target_700,687,2.538899881609576,20,180,181,200
block1,elastic_net_without_target_700,688,2.943395888745614,20,180,181,200
block1,elastic_net_without_target_700,689,2.168444360054916,20,180,181,200
block1,elastic_net_without_target_700,690,1.0185568378521932,20,180,181,200
block1,elastic_net_without_target_700,691,1.0767655669666252,20,180,181,200
block1,elastic_net_without_target_700,692,1.0767655669666252,20,180,181,200
block1,elastic_net_without_target_700,693,1.0767655669666252,20,180,181,200
block1,elastic_net_without_target_700,694,2.6887717522468457,20,180,181,200
block1,elastic_net_without_target_700,695,3.0479723972547696,20,180,181,200
block1,elastic_net_without_target_700,696,2.232289378963676,20,180,181,200
block1,elastic_net_without_target_700,697,1.0421139964062067,20,180,181,200
block1,elastic_net_without_target_700,698,1.0767655669666252,20,180,181,200
block1,elastic_net_without_target_700,699,1.0767655669666252,20,180,181,200
block1,elastic_net_without_target_700,700,1.0767655669666252,20,180,181,200
block1,elastic_net_without_target_700,701,1.1010636289104438,20,180,181,200
block1,elastic_net_without_target_700,702,1.1008742507136615,20,180,181,200
block1,elastic_net_without_target_700,703,1.0990150679291315,20,180,181,200
block1,elastic_net_without_target_700,704,1.0834578192056463,20,180,181,200
block1,elastic_net_without_target_700,705,1.0451378785981404,20,180,181,200
block1,elastic_net_without_target_700,706,1.0774137818770355,20,180,181,200
block1,elastic_net_without_target_700,707,1.0918733971243275,20,180,181,200
block1,elastic_net_without_target_700,708,1.100999668928876,20,180,181,200
block1,elastic_net_without_target_700,709,1.1002359839214455,20,180,181,200
block1,elastic_net_without_target_700,710,1.0927649537501023,20,180,181,200
block1,elastic_net_without_target_700,711,1.0310979456306089,20,180,181,200
block1,elastic_net_without_target_700,712,1.0775532984128582,20,180,181,200
block1,elastic_net_without_target_700,713,1.0938120688922108,20,180,181,200
block1,elastic_net_without_target_700,714,1.0938120688922108,20,180,181,200
block1,elastic_net_without_target_700,715,1.1009357209694943,20,180,181,200
block1,elastic_net_without_target_700,716,1.0995989222166098,20,180,181,200
block1,elastic_net_without_target_700,717,1.0866381771129945,20,180,181,200
block1,elastic_net_without_target_700,718,1.0116054799391274,20,180,181,200
block1,elastic_net_without_target_700,719,1.0938120688922108,20,180,181,200
block1,elastic_net_without_target_700,720,1.0938120688922108,20,180,181,200
block1,elastic_net_without_target_700,721,1.0938120688922108,20,180,181,200
block1,elastic_net_without_target_700,722,1.1008717850369942,20,180,181,200
block1,elastic_net_without_target_700,723,1.0989630702989062,20,180,181,200
block1,elastic_net_without_target_700,724,1.0806394718067471,20,180,181,200
block1,elastic_net_without_target_700,725,0.9975721194183792,20,180,181,200
block1,elastic_net_without_target_700,726,1.0938120688922108,20,180,181,200
block1,elastic_net_without_target_700,727,1.0938120688922108,20,180,181,200
block1,elastic_net_without_target_700,728,1.0938120688922108,20,180,181,200
block1,elastic_net_without_target_700,729,1.1008078611360723,20,180,181,200
block1,elastic_net_without_target_700,730,1.0983284328790086,20,180,181,200
block1,elastic_net_without_target_700,731,1.0747736736235929,20,180,181,200
block1,elastic_net_without_target_700,732,0.9915589886575384,20,180,181,200
block1,elastic_net_without_target_700,733,1.0938120688922108,20,180,181,200
block1,elastic_net_without_target_700,734,1.0938120688922108,20,180,181,200
block1,elastic_net_without_target_700,735,1.0938120688922108,20,180,181,200
block1,elastic_net_without_target_700,736,1.200429138277454,20,180,181,200
block1,elastic_net_without_target_700,737,1.2000193044278475,20,180,181,200
block1,elastic_net_without_target_700,738,1.196007904526236,20,180,181,200
block1,elastic_net_without_target_700,739,1.1630324191385064,20,180,181,200
block1,elastic_net_without_target_700,740,1.064047608206879,20,180,181,200
block1,elastic_net_without_target_700,741,1.060468525633277,20,180,181,200
block1,elastic_net_without_target_700,742,1.0745948603288011,20,180,181,200
block1,elastic_net_without_target_700,743,1.2003073225314052,20,180,181,200
block1,elastic_net_without_target_700,744,1.198803567261029,20,180,181,200
block1,elastic_net_without_target_700,745,1.1841372857418682,20,180,181,200
block1,elastic_net_without_target_700,746,1.0786324100053202,20,180,181,200
block1,elastic_net_without_target_700,747,1.043264423800404,20,180,181,200
block1,elastic_net_without_target_700,748,1.0767655669666252,20,180,181,200
block1,elastic_net_without_target_700,749,1.0767655669666252,20,180,181,200
block1,elastic_net_without_target_700,750,1.200184754618291,20,180,181,200
block1,elastic_net_without_target_700,751,1.1975882048652111,20,180,181,200
block1,elastic_net_without_target_700,752,1.1724268512784628,20,180,181,200
block1,elastic_net_without_target_700,753,1.0291720266440023,20,180,181,200
block1,elastic_net_without_target_700,754,1.0767655669666252,20,180,181,200
block1,elastic_net_without_target_700,755,1.0767655669666252,20,180,181,200
block1,elastic_net_without_target_700,756,1.0767655669666252,20,180,181,200
block1,elastic_net_without_target_700,757,1.2000630574047375,20,180,181,200
block1,elastic_net_without_target_700,758,1.1963768210950103,20,180,181,200
block1,elastic_net_without_target_700,759,1.160804724504101,20,180,181,200
block1,elastic_net_without_target_700,760,1.0075460805957406,20,180,181,200
block1,elastic_net_without_target_700,761,1.0767655669666252,20,180,181,200
block1,elastic_net_without_target_700,762,1.0767655669666252,20,180,181,200
block1,elastic_net_without_target_700,763,1.0767655669666252,20,180,181,200
block1,elastic_net_without_target_700,764,1.199941374816399,20,180,181,200
block1,elastic_net_without_target_700,765,1.1951669301244197,20,180,181,200
block1,elastic_net_without_target_700,766,1.1489434916475534,20,180,181,200
block1,elastic_net_without_target_700,767,1.000233859611377,20,180,181,200
block1,elastic_net_without_target_700,768,1.0767655669666252,20,180,181,200
block1,elastic_net_without_target_700,769,1.0767655669666252,20,180,181,200
block1,elastic_net_without_target_700,770,1.0767655669666252,20,180,181,200
block1,elastic_net_without_target_700,771,1.846709502737628,20,180,181,200
block1,elastic_net_without_target_700,772,1.8453214004923348,20,180,181,200
block1,elastic_net_without_target_700,773,1.8316027803022024,20,180,181,200
block1,elastic_net_without_target_700,774,1.7091408897565568,20,180,181,200
block1,elastic_net_without_target_700,775,1.1963164842621452,20,180,181,200
block1,elastic_net_without_target_700,776,1.0532398027716554,20,180,181,200
block1,elastic_net_without_target_700,777,1.0881812187986075,20,180,181,200
block1,elastic_net_without_target_700,778,1.846509421923349,20,180,181,200
block1,elastic_net_without_target_700,779,1.8433247360813596,20,180,181,200
block1,elastic_net_without_target_700,780,1.8116934414012416,20,180,181,200
block1,elastic_net_without_target_700,781,1.545345265332899,20,180,181,200
block1,elastic_net_without_target_700,782,1.0657033423091595,20,180,181,200
block1,elastic_net_without_target_700,783,1.0938120688922108,20,180,181,200
block1,elastic_net_without_target_700,784,1.0938120688922108,20,180,181,200
block1,elastic_net_without_target_700,785,1.8463093811269424,20,180,181,200
block1,elastic_net_without_target_700,786,1.8413320933896555,20,180,181,200
block1,elastic_net_without_target_700,787,1.7903363477283518,20,180,181,200
block1,elastic_net_without_target_700,788,1.4367774150048211,20,180,181,200
block1,elastic_net_without_target_700,789,1.0832363563249865,20,180,181,200
block1,elastic_net_without_target_700,790,1.0938120688922108,20,180,181,200
block1,elastic_net_without_target_700,791,1.0938120688922108,20,180,181,200
block1,elastic_net_without_target_700,792,1.8461093803714228,20,180,181,200
block1,elastic_net_without_target_700,793,1.839343495527442,20,180,181,200
block1,elastic_net_without_target_700,794,1.769822406152922,20,180,181,200
block1,elastic_net_without_target_700,795,1.3442176280147564,20,180,181,200
block1,elastic_net_without_target_700,796,1.0938120688922108,20,180,181,200
block1,elastic_net_without_target_700,797,1.0938120688922108,20,180,181,200
block1,elastic_net_without_target_700,798,1.0938120688922108,20,180,181,200
block1,elastic_net_without_target_700,799,1.8459094196798145,20,180,181,200
block1,elastic_net_without_target_700,800,1.8373589656938276,20,180,181,200
block1,elastic_net_without_target_700,801,1.7502983616369163,20,180,181,200
block1,elastic_net_without_target_700,802,1.270771408350346,20,180,181,200
block1,elastic_net_without_target_700,803,1.0938120688922108,20,180,181,200
block1,elastic_net_without_target_700,804,1.0938120688922108,20,180,181,200
block1,elastic_net_without_target_700,805,1.0938120688922108,20,180,181,200
block1,elastic_net_without_target_700,806,1.84690370460434,20,180,181,200
block1,elastic_net_without_target_700,807,1.845209344899507,20,180,181,200
block1,elastic_net_without_target_700,808,1.82863286929356,20,180,181,200
block1,elastic_net_without_target_700,809,1.6849318276466092,20,180,181,200
block1,elastic_net_without_target_700,810,1.16136354420526,20,180,181,200
block1,elastic_net_without_target_700,811,1.0440646814648624,20,180,181,200
block1,elastic_net_without_target_700,812,1.0722863347250384,20,180,181,200
block1,elastic_net_without_target_700,813,1.846625286829456,20,180,181,200
block1,elastic_net_without_target_700,814,1.842445102908136,20,180,181,200
block1,elastic_net_without_target_700,815,1.800906759934911,20,180,181,200
block1,elastic_net_without_target_700,816,1.5055496830480022,20,180,181,200
block1,elastic_net_without_target_700,817,1.0509759572988646,20,180,181,200
block1,elastic_net_without_target_700,818,1.0767655669666252,20,180,181,200
block1,elastic_net_without_target_700,819,1.0767655669666252,20,180,181,200
block1,elastic_net_without_target_700,820,1.84634695369781,20,180,181,200
block1,elastic_net_without_target_700,821,1.83979303944954,20,180,181,200
block1,elastic_net_without_target_700,822,1.7736424047226516,20,180,181,200
block1,elastic_net_without_target_700,823,1.394798233349921,20,180,181,200
block1,elastic_net_without_target_700,824,1.0523786363794143,20,180,181,200
block1,elastic_net_without_target_700,825,1.0767655669666252,20,180,181,200
block1,elastic_net_without_target_700,826,1.0767655669666252,20,180,181,200
block1,elastic_net_without_target_700,827,1.8460687052769176,20,180,181,200
block1,elastic_net_without_target_700,828,1.8370325544894948,20,180,181,200
block1,elastic_net_without_target_700,829,1.74834005913011,20,180,181,200
block1,elastic_net_without_target_700,830,1.299487380562285,20,180,181,200
block1,elastic_net_without_target_700,831,1.0686315057488187,20,180,181,200
block1,elastic_net_without_target_700,832,1.0767655669666252,20,180,181,200
block1,elastic_net_without_target_700,833,1.0767655669666252,20,180,181,200
block1,elastic_net_without_target_700,834,1.845790541634328,20,180,181,200
block1,elastic_net_without_target_700,835,1.8342807341009988,20,180,181,200
block1,elastic_net_without_target_700,836,1.7254902304634288,20,180,181,200
block1,elastic_net_without_target_700,837,1.2254302190419577,20,180,181,200
block1,elastic_net_without_target_700,838,1.0767655669666252,20,180,181,200
block1,elastic_net_without_target_700,839,1.0767655669666252,20,180,181,200
block1,elastic_net_without_target_700,840,1.0767655669666252,20,180,181,200
